2026-06-07 06:38:55.543 | DEBUG    | llmcompressor.transformers.finetune.data.base:load_dataset:186 - Loading dataset Salesforce/wikitext
2026-06-07 06:38:56.705 | DEBUG    | llmcompressor.transformers.finetune.data.base:__call__:91 - Raw dataset: ['text', 'text', 'text']
2026-06-07 06:38:56.706 | DEBUG    | llmcompressor.transformers.finetune.data.base:__call__:107 - Dataset after column renaming: ['text', 'text', 'text']
2026-06-07 06:38:56.706 | DEBUG    | llmcompressor.transformers.finetune.data.base:filter_tokenizer_args:239 - Found processor args `{'stride', 'return_tensors', 'truncation', 'return_offsets_mapping', 'verbose', 'is_split_into_words', 'return_special_tokens_mask', 'return_attention_mask', 'text_target', 'pad_to_multiple_of', 'return_overflowing_tokens', 'return_length', 'padding', 'max_length', 'return_token_type_ids', 'add_special_tokens', 'text', 'padding_side', 'text_pair_target', 'text_pair'}`. Removing all other columns
2026-06-07 06:38:56.709 | DEBUG    | llmcompressor.transformers.finetune.data.base:__call__:114 - Tokenizer args after filtering: ['text', 'text', 'text']
2026-06-07 06:40:25.715 | DEBUG    | llmcompressor.transformers.finetune.data.base:__call__:128 - Model kwargs after tokenizing: ['input_ids', 'attention_mask', 'input_ids', 'attention_mask', 'input_ids', 'attention_mask']
2026-06-07 06:40:25.716 | DEBUG    | llmcompressor.transformers.finetune.data.base:__call__:158 - Model kwargs after postprocessing: ['input_ids', 'attention_mask', 'input_ids', 'attention_mask', 'input_ids', 'attention_mask']
2026-06-07 06:40:25.730 | DEBUG    | llmcompressor.core.lifecycle:reset:61 - Resetting compression lifecycle
2026-06-07 06:40:25.730 | INFO     | llmcompressor.core.lifecycle:reset:73 - Compression lifecycle reset
2026-06-07 06:40:25.730 | DEBUG    | llmcompressor.core.state:update:182 - Updating state with provided parameters: {'model': Qwen3ForCausalLM(
  (model): Qwen3Model(
    (embed_tokens): Embedding(151936, 1024)
    (layers): ModuleList(
      (0-27): 28 x Qwen3DecoderLayer(
        (self_attn): Qwen3Attention(
          (q_proj): Linear(in_features=1024, out_features=2048, bias=False)
          (k_proj): Linear(in_features=1024, out_features=1024, bias=False)
          (v_proj): Linear(in_features=1024, out_features=1024, bias=False)
          (o_proj): Linear(in_features=2048, out_features=1024, bias=False)
          (q_norm): Qwen3RMSNorm((128,), eps=1e-06)
          (k_norm): Qwen3RMSNorm((128,), eps=1e-06)
        )
        (mlp): Qwen3MLP(
          (gate_proj): Linear(in_features=1024, out_features=3072, bias=False)
          (up_proj): Linear(in_features=1024, out_features=3072, bias=False)
          (down_proj): Linear(in_features=3072, out_features=1024, bias=False)
          (act_fn): SiLU()
        )
        (input_layernorm): Qwen3RMSNorm((1024,), eps=1e-06)
        (post_attention_layernorm): Qwen3RMSNorm((1024,), eps=1e-06)
      )
    )
    (norm): Qwen3RMSNorm((1024,), eps=1e-06)
    (rotary_emb): Qwen3RotaryEmbedding()
  )
  (lm_head): Linear(in_features=1024, out_features=151936, bias=False)
), 'teacher_model': None, 'optimizer': None, 'attach_optim_callbacks': True, 'train_data': None, 'val_data': None, 'test_data': None, 'calib_data': <torch.utils.data.dataloader.DataLoader object at 0x13d448130>, 'copy_data': True, 'start': -1, 'steps_per_epoch': None, 'batches_per_step': None, 'loggers': None, 'model_log_cadence': None, 'kwargs': {}}
2026-06-07 06:40:25.734 | DEBUG    | llmcompressor.core.lifecycle:initialize:94 - Initializing compression lifecycle
2026-06-07 06:40:25.734 | INFO     | llmcompressor.recipe.recipe:from_modifiers:59 - Creating recipe from modifiers
2026-06-07 06:40:25.864 | DEBUG    | llmcompressor.core.lifecycle:initialize:103 - Initialized modifier: modifiers=[GPTQModifier(config_groups=None, targets=['Linear'], ignore=['lm_head'], scheme='W4A16', kv_cache_scheme=None, index=0, group='default', start=None, end=None, update=None, initialized_=True, finalized_=False, started_=False, ended_=False, sequential_update=True, sequential_targets=None, block_size=128, dampening_frac=0.01, actorder=None, offload_hessians=False)] index=0 group='default' applied=False
2026-06-07 06:40:25.864 | INFO     | llmcompressor.core.lifecycle:initialize:108 - Compression lifecycle initialized for 1 modifiers
2026-06-07 06:40:25.865 | INFO     | llmcompressor.pipelines.independent.pipeline:IndependentPipeline:47 - Inferred `SequentialPipeline` for `GPTQModifier`
2026-06-07 06:40:25.870 | WARNING  | llmcompressor.pipelines.sequential.helpers:dispatch_for_sequential:531 - CUDA is not available! Compressing model on CPU instead
2026-06-07 06:40:25.893 | DEBUG    | llmcompressor.pipelines.sequential.ast_utils.auto_wrapper:_wrap_if_possible:183 - ---- Autowrapper ----
2026-06-07 06:40:25.894 | DEBUG    | llmcompressor.pipelines.sequential.ast_utils.auto_wrapper:_wrap_if_possible:184 - if (input_ids is None) ^ (inputs_embeds is not None):
    raise ValueError('You must specify exactly one of input_ids or inputs_embeds')
2026-06-07 06:40:25.894 | DEBUG    | llmcompressor.pipelines.sequential.ast_utils.auto_wrapper:_wrap_if_possible:185 - ---------------------
2026-06-07 06:40:25.894 | DEBUG    | llmcompressor.pipelines.sequential.ast_utils.auto_wrapper:_wrap_if_possible:183 - ---- Autowrapper ----
2026-06-07 06:40:25.895 | DEBUG    | llmcompressor.pipelines.sequential.ast_utils.auto_wrapper:_wrap_if_possible:184 - if not isinstance(past_key_values, (type(None), Cache)):
    raise ValueError('The `past_key_values` should be either a `Cache` object or `None`.')
2026-06-07 06:40:25.895 | DEBUG    | llmcompressor.pipelines.sequential.ast_utils.auto_wrapper:_wrap_if_possible:185 - ---------------------
2026-06-07 06:40:25.895 | DEBUG    | llmcompressor.pipelines.sequential.ast_utils.auto_wrapper:_wrap_if_possible:183 - ---- Autowrapper ----
2026-06-07 06:40:25.895 | DEBUG    | llmcompressor.pipelines.sequential.ast_utils.auto_wrapper:_wrap_if_possible:184 - if inputs_embeds is None:
    inputs_embeds = self.embed_tokens(input_ids)
2026-06-07 06:40:25.895 | DEBUG    | llmcompressor.pipelines.sequential.ast_utils.auto_wrapper:_wrap_if_possible:185 - ---------------------
2026-06-07 06:40:25.895 | DEBUG    | llmcompressor.pipelines.sequential.ast_utils.auto_wrapper:_wrap_if_possible:183 - ---- Autowrapper ----
2026-06-07 06:40:25.895 | DEBUG    | llmcompressor.pipelines.sequential.ast_utils.auto_wrapper:_wrap_if_possible:184 - if use_cache and past_key_values is None:
    past_key_values = DynamicCache()
2026-06-07 06:40:25.896 | DEBUG    | llmcompressor.pipelines.sequential.ast_utils.auto_wrapper:_wrap_if_possible:185 - ---------------------
2026-06-07 06:40:25.896 | DEBUG    | llmcompressor.pipelines.sequential.ast_utils.auto_wrapper:_wrap_if_possible:183 - ---- Autowrapper ----
2026-06-07 06:40:25.896 | DEBUG    | llmcompressor.pipelines.sequential.ast_utils.auto_wrapper:_wrap_if_possible:184 - if cache_position is None:
    past_seen_tokens = past_key_values.get_seq_length() if past_key_values is not None else 0
    cache_position = torch.arange(past_seen_tokens, past_seen_tokens + inputs_embeds.shape[1], device=inputs_embeds.device)
2026-06-07 06:40:25.896 | DEBUG    | llmcompressor.pipelines.sequential.ast_utils.auto_wrapper:_wrap_if_possible:185 - ---------------------
2026-06-07 06:40:25.896 | DEBUG    | llmcompressor.pipelines.sequential.ast_utils.auto_wrapper:_wrap_if_possible:183 - ---- Autowrapper ----
2026-06-07 06:40:25.897 | DEBUG    | llmcompressor.pipelines.sequential.ast_utils.auto_wrapper:_wrap_if_possible:184 - if position_ids is None:
    position_ids = cache_position.unsqueeze(0)
2026-06-07 06:40:25.897 | DEBUG    | llmcompressor.pipelines.sequential.ast_utils.auto_wrapper:_wrap_if_possible:185 - ---------------------
2026-06-07 06:40:25.897 | DEBUG    | llmcompressor.pipelines.sequential.ast_utils.auto_wrapper:_wrap_if_possible:189 - ---- Autowrapper ----
2026-06-07 06:40:25.897 | DEBUG    | llmcompressor.pipelines.sequential.ast_utils.auto_wrapper:_wrap_if_possible:190 - self._update_causal_mask(attention_mask, inputs_embeds, cache_position, past_key_values, output_attentions)
2026-06-07 06:40:25.897 | DEBUG    | llmcompressor.pipelines.sequential.ast_utils.auto_wrapper:_wrap_if_possible:191 - ---------------------
2026-06-07 06:40:25.897 | DEBUG    | llmcompressor.pipelines.sequential.ast_utils.auto_wrapper:_wrap_if_possible:183 - ---- Autowrapper ----
2026-06-07 06:40:25.897 | DEBUG    | llmcompressor.pipelines.sequential.ast_utils.auto_wrapper:_wrap_if_possible:184 - if output_hidden_states:
    all_hidden_states += (hidden_states,)
2026-06-07 06:40:25.897 | DEBUG    | llmcompressor.pipelines.sequential.ast_utils.auto_wrapper:_wrap_if_possible:185 - ---------------------
2026-06-07 06:40:25.898 | DEBUG    | llmcompressor.pipelines.sequential.ast_utils.auto_wrapper:_wrap_if_possible:183 - ---- Autowrapper ----
2026-06-07 06:40:25.898 | DEBUG    | llmcompressor.pipelines.sequential.ast_utils.auto_wrapper:_wrap_if_possible:184 - if output_attentions:
    all_self_attns += (layer_outputs[1],)
2026-06-07 06:40:25.898 | DEBUG    | llmcompressor.pipelines.sequential.ast_utils.auto_wrapper:_wrap_if_possible:185 - ---------------------
2026-06-07 06:40:25.898 | DEBUG    | llmcompressor.pipelines.sequential.ast_utils.auto_wrapper:_wrap_if_possible:183 - ---- Autowrapper ----
2026-06-07 06:40:25.898 | DEBUG    | llmcompressor.pipelines.sequential.ast_utils.auto_wrapper:_wrap_if_possible:184 - if output_hidden_states:
    all_hidden_states += (hidden_states,)
2026-06-07 06:40:25.898 | DEBUG    | llmcompressor.pipelines.sequential.ast_utils.auto_wrapper:_wrap_if_possible:185 - ---------------------
2026-06-07 06:40:25.905 | DEBUG    | llmcompressor.pipelines.sequential.ast_utils.auto_wrapper:_wrap_if_possible:183 - ---- Autowrapper ----
2026-06-07 06:40:25.905 | DEBUG    | llmcompressor.pipelines.sequential.ast_utils.auto_wrapper:_wrap_if_possible:184 - if labels is not None:
    loss = self.loss_function(logits=logits, labels=labels, vocab_size=self.config.vocab_size, **kwargs)
2026-06-07 06:40:25.905 | DEBUG    | llmcompressor.pipelines.sequential.ast_utils.auto_wrapper:_wrap_if_possible:185 - ---------------------
2026-06-07 06:40:26.017 | DEBUG    | llmcompressor.core.lifecycle:event:191 - Handling event: EventType.CALIBRATION_EPOCH_START
2026-06-07 06:40:26.027 | DEBUG    | llmcompressor.modifiers.utils.hooks:register_hook:98 - config_groups=None targets=['Linear'] ignore=['lm_head'] scheme='W4A16' kv_cache_scheme=None index=0 group='default' start=None end=None update=None initialized_=True finalized_=False started_=True ended_=False sequential_update=True sequential_targets=None block_size=128 dampening_frac=0.01 actorder=None offload_hessians=False added <torch.utils.hooks.RemovableHandle object at 0x18efdff70>
2026-06-07 06:40:26.027 | DEBUG    | llmcompressor.modifiers.utils.hooks:register_hook:98 - config_groups=None targets=['Linear'] ignore=['lm_head'] scheme='W4A16' kv_cache_scheme=None index=0 group='default' start=None end=None update=None initialized_=True finalized_=False started_=True ended_=False sequential_update=True sequential_targets=None block_size=128 dampening_frac=0.01 actorder=None offload_hessians=False added <torch.utils.hooks.RemovableHandle object at 0x18efdf340>
2026-06-07 06:40:26.027 | DEBUG    | llmcompressor.modifiers.utils.hooks:register_hook:98 - config_groups=None targets=['Linear'] ignore=['lm_head'] scheme='W4A16' kv_cache_scheme=None index=0 group='default' start=None end=None update=None initialized_=True finalized_=False started_=True ended_=False sequential_update=True sequential_targets=None block_size=128 dampening_frac=0.01 actorder=None offload_hessians=False added <torch.utils.hooks.RemovableHandle object at 0x18efdf280>
2026-06-07 06:40:26.027 | DEBUG    | llmcompressor.modifiers.utils.hooks:register_hook:98 - config_groups=None targets=['Linear'] ignore=['lm_head'] scheme='W4A16' kv_cache_scheme=None index=0 group='default' start=None end=None update=None initialized_=True finalized_=False started_=True ended_=False sequential_update=True sequential_targets=None block_size=128 dampening_frac=0.01 actorder=None offload_hessians=False added <torch.utils.hooks.RemovableHandle object at 0x18efdf4c0>
2026-06-07 06:40:26.027 | DEBUG    | llmcompressor.modifiers.utils.hooks:register_hook:98 - config_groups=None targets=['Linear'] ignore=['lm_head'] scheme='W4A16' kv_cache_scheme=None index=0 group='default' start=None end=None update=None initialized_=True finalized_=False started_=True ended_=False sequential_update=True sequential_targets=None block_size=128 dampening_frac=0.01 actorder=None offload_hessians=False added <torch.utils.hooks.RemovableHandle object at 0x18efdfe80>
2026-06-07 06:40:26.028 | DEBUG    | llmcompressor.modifiers.utils.hooks:register_hook:98 - config_groups=None targets=['Linear'] ignore=['lm_head'] scheme='W4A16' kv_cache_scheme=None index=0 group='default' start=None end=None update=None initialized_=True finalized_=False started_=True ended_=False sequential_update=True sequential_targets=None block_size=128 dampening_frac=0.01 actorder=None offload_hessians=False added <torch.utils.hooks.RemovableHandle object at 0x18efdfdf0>
2026-06-07 06:40:26.028 | DEBUG    | llmcompressor.modifiers.utils.hooks:register_hook:98 - config_groups=None targets=['Linear'] ignore=['lm_head'] scheme='W4A16' kv_cache_scheme=None index=0 group='default' start=None end=None update=None initialized_=True finalized_=False started_=True ended_=False sequential_update=True sequential_targets=None block_size=128 dampening_frac=0.01 actorder=None offload_hessians=False added <torch.utils.hooks.RemovableHandle object at 0x18efdfd30>
2026-06-07 06:40:26.028 | DEBUG    | llmcompressor.modifiers.utils.hooks:register_hook:98 - config_groups=None targets=['Linear'] ignore=['lm_head'] scheme='W4A16' kv_cache_scheme=None index=0 group='default' start=None end=None update=None initialized_=True finalized_=False started_=True ended_=False sequential_update=True sequential_targets=None block_size=128 dampening_frac=0.01 actorder=None offload_hessians=False added <torch.utils.hooks.RemovableHandle object at 0x18efdfcd0>
2026-06-07 06:40:26.028 | DEBUG    | llmcompressor.modifiers.utils.hooks:register_hook:98 - config_groups=None targets=['Linear'] ignore=['lm_head'] scheme='W4A16' kv_cache_scheme=None index=0 group='default' start=None end=None update=None initialized_=True finalized_=False started_=True ended_=False sequential_update=True sequential_targets=None block_size=128 dampening_frac=0.01 actorder=None offload_hessians=False added <torch.utils.hooks.RemovableHandle object at 0x18efdfbe0>
2026-06-07 06:40:26.028 | DEBUG    | llmcompressor.modifiers.utils.hooks:register_hook:98 - config_groups=None targets=['Linear'] ignore=['lm_head'] scheme='W4A16' kv_cache_scheme=None index=0 group='default' start=None end=None update=None initialized_=True finalized_=False started_=True ended_=False sequential_update=True sequential_targets=None block_size=128 dampening_frac=0.01 actorder=None offload_hessians=False added <torch.utils.hooks.RemovableHandle object at 0x18efdfac0>
2026-06-07 06:40:26.028 | DEBUG    | llmcompressor.modifiers.utils.hooks:register_hook:98 - config_groups=None targets=['Linear'] ignore=['lm_head'] scheme='W4A16' kv_cache_scheme=None index=0 group='default' start=None end=None update=None initialized_=True finalized_=False started_=True ended_=False sequential_update=True sequential_targets=None block_size=128 dampening_frac=0.01 actorder=None offload_hessians=False added <torch.utils.hooks.RemovableHandle object at 0x18efdfa00>
2026-06-07 06:40:26.028 | DEBUG    | llmcompressor.modifiers.utils.hooks:register_hook:98 - config_groups=None targets=['Linear'] ignore=['lm_head'] scheme='W4A16' kv_cache_scheme=None index=0 group='default' start=None end=None update=None initialized_=True finalized_=False started_=True ended_=False sequential_update=True sequential_targets=None block_size=128 dampening_frac=0.01 actorder=None offload_hessians=False added <torch.utils.hooks.RemovableHandle object at 0x18efdf970>
2026-06-07 06:40:26.028 | DEBUG    | llmcompressor.modifiers.utils.hooks:register_hook:98 - config_groups=None targets=['Linear'] ignore=['lm_head'] scheme='W4A16' kv_cache_scheme=None index=0 group='default' start=None end=None update=None initialized_=True finalized_=False started_=True ended_=False sequential_update=True sequential_targets=None block_size=128 dampening_frac=0.01 actorder=None offload_hessians=False added <torch.utils.hooks.RemovableHandle object at 0x18efdf8b0>
2026-06-07 06:40:26.029 | DEBUG    | llmcompressor.modifiers.utils.hooks:register_hook:98 - config_groups=None targets=['Linear'] ignore=['lm_head'] scheme='W4A16' kv_cache_scheme=None index=0 group='default' start=None end=None update=None initialized_=True finalized_=False started_=True ended_=False sequential_update=True sequential_targets=None block_size=128 dampening_frac=0.01 actorder=None offload_hessians=False added <torch.utils.hooks.RemovableHandle object at 0x18efdf7f0>
2026-06-07 06:40:26.029 | DEBUG    | llmcompressor.modifiers.utils.hooks:register_hook:98 - config_groups=None targets=['Linear'] ignore=['lm_head'] scheme='W4A16' kv_cache_scheme=None index=0 group='default' start=None end=None update=None initialized_=True finalized_=False started_=True ended_=False sequential_update=True sequential_targets=None block_size=128 dampening_frac=0.01 actorder=None offload_hessians=False added <torch.utils.hooks.RemovableHandle object at 0x18efdf730>
2026-06-07 06:40:26.029 | DEBUG    | llmcompressor.modifiers.utils.hooks:register_hook:98 - config_groups=None targets=['Linear'] ignore=['lm_head'] scheme='W4A16' kv_cache_scheme=None index=0 group='default' start=None end=None update=None initialized_=True finalized_=False started_=True ended_=False sequential_update=True sequential_targets=None block_size=128 dampening_frac=0.01 actorder=None offload_hessians=False added <torch.utils.hooks.RemovableHandle object at 0x18efdf670>
2026-06-07 06:40:26.029 | DEBUG    | llmcompressor.modifiers.utils.hooks:register_hook:98 - config_groups=None targets=['Linear'] ignore=['lm_head'] scheme='W4A16' kv_cache_scheme=None index=0 group='default' start=None end=None update=None initialized_=True finalized_=False started_=True ended_=False sequential_update=True sequential_targets=None block_size=128 dampening_frac=0.01 actorder=None offload_hessians=False added <torch.utils.hooks.RemovableHandle object at 0x18efdf580>
2026-06-07 06:40:26.029 | DEBUG    | llmcompressor.modifiers.utils.hooks:register_hook:98 - config_groups=None targets=['Linear'] ignore=['lm_head'] scheme='W4A16' kv_cache_scheme=None index=0 group='default' start=None end=None update=None initialized_=True finalized_=False started_=True ended_=False sequential_update=True sequential_targets=None block_size=128 dampening_frac=0.01 actorder=None offload_hessians=False added <torch.utils.hooks.RemovableHandle object at 0x18efddd20>
2026-06-07 06:40:26.029 | DEBUG    | llmcompressor.modifiers.utils.hooks:register_hook:98 - config_groups=None targets=['Linear'] ignore=['lm_head'] scheme='W4A16' kv_cache_scheme=None index=0 group='default' start=None end=None update=None initialized_=True finalized_=False started_=True ended_=False sequential_update=True sequential_targets=None block_size=128 dampening_frac=0.01 actorder=None offload_hessians=False added <torch.utils.hooks.RemovableHandle object at 0x18de3c0a0>
2026-06-07 06:40:26.029 | DEBUG    | llmcompressor.modifiers.utils.hooks:register_hook:98 - config_groups=None targets=['Linear'] ignore=['lm_head'] scheme='W4A16' kv_cache_scheme=None index=0 group='default' start=None end=None update=None initialized_=True finalized_=False started_=True ended_=False sequential_update=True sequential_targets=None block_size=128 dampening_frac=0.01 actorder=None offload_hessians=False added <torch.utils.hooks.RemovableHandle object at 0x18de3c130>
2026-06-07 06:40:26.029 | DEBUG    | llmcompressor.modifiers.utils.hooks:register_hook:98 - config_groups=None targets=['Linear'] ignore=['lm_head'] scheme='W4A16' kv_cache_scheme=None index=0 group='default' start=None end=None update=None initialized_=True finalized_=False started_=True ended_=False sequential_update=True sequential_targets=None block_size=128 dampening_frac=0.01 actorder=None offload_hessians=False added <torch.utils.hooks.RemovableHandle object at 0x18de3c1f0>
2026-06-07 06:40:26.030 | DEBUG    | llmcompressor.modifiers.utils.hooks:register_hook:98 - config_groups=None targets=['Linear'] ignore=['lm_head'] scheme='W4A16' kv_cache_scheme=None index=0 group='default' start=None end=None update=None initialized_=True finalized_=False started_=True ended_=False sequential_update=True sequential_targets=None block_size=128 dampening_frac=0.01 actorder=None offload_hessians=False added <torch.utils.hooks.RemovableHandle object at 0x18de3c2b0>
2026-06-07 06:40:26.030 | DEBUG    | llmcompressor.modifiers.utils.hooks:register_hook:98 - config_groups=None targets=['Linear'] ignore=['lm_head'] scheme='W4A16' kv_cache_scheme=None index=0 group='default' start=None end=None update=None initialized_=True finalized_=False started_=True ended_=False sequential_update=True sequential_targets=None block_size=128 dampening_frac=0.01 actorder=None offload_hessians=False added <torch.utils.hooks.RemovableHandle object at 0x18de3c370>
2026-06-07 06:40:26.030 | DEBUG    | llmcompressor.modifiers.utils.hooks:register_hook:98 - config_groups=None targets=['Linear'] ignore=['lm_head'] scheme='W4A16' kv_cache_scheme=None index=0 group='default' start=None end=None update=None initialized_=True finalized_=False started_=True ended_=False sequential_update=True sequential_targets=None block_size=128 dampening_frac=0.01 actorder=None offload_hessians=False added <torch.utils.hooks.RemovableHandle object at 0x18de3c430>
2026-06-07 06:40:26.030 | DEBUG    | llmcompressor.modifiers.utils.hooks:register_hook:98 - config_groups=None targets=['Linear'] ignore=['lm_head'] scheme='W4A16' kv_cache_scheme=None index=0 group='default' start=None end=None update=None initialized_=True finalized_=False started_=True ended_=False sequential_update=True sequential_targets=None block_size=128 dampening_frac=0.01 actorder=None offload_hessians=False added <torch.utils.hooks.RemovableHandle object at 0x18de3c4f0>
2026-06-07 06:40:26.030 | DEBUG    | llmcompressor.modifiers.utils.hooks:register_hook:98 - config_groups=None targets=['Linear'] ignore=['lm_head'] scheme='W4A16' kv_cache_scheme=None index=0 group='default' start=None end=None update=None initialized_=True finalized_=False started_=True ended_=False sequential_update=True sequential_targets=None block_size=128 dampening_frac=0.01 actorder=None offload_hessians=False added <torch.utils.hooks.RemovableHandle object at 0x18de3c5b0>
2026-06-07 06:40:26.030 | DEBUG    | llmcompressor.modifiers.utils.hooks:register_hook:98 - config_groups=None targets=['Linear'] ignore=['lm_head'] scheme='W4A16' kv_cache_scheme=None index=0 group='default' start=None end=None update=None initialized_=True finalized_=False started_=True ended_=False sequential_update=True sequential_targets=None block_size=128 dampening_frac=0.01 actorder=None offload_hessians=False added <torch.utils.hooks.RemovableHandle object at 0x18de3c670>
2026-06-07 06:40:26.030 | DEBUG    | llmcompressor.modifiers.utils.hooks:register_hook:98 - config_groups=None targets=['Linear'] ignore=['lm_head'] scheme='W4A16' kv_cache_scheme=None index=0 group='default' start=None end=None update=None initialized_=True finalized_=False started_=True ended_=False sequential_update=True sequential_targets=None block_size=128 dampening_frac=0.01 actorder=None offload_hessians=False added <torch.utils.hooks.RemovableHandle object at 0x18de3c730>
2026-06-07 06:40:26.030 | DEBUG    | llmcompressor.modifiers.utils.hooks:register_hook:98 - config_groups=None targets=['Linear'] ignore=['lm_head'] scheme='W4A16' kv_cache_scheme=None index=0 group='default' start=None end=None update=None initialized_=True finalized_=False started_=True ended_=False sequential_update=True sequential_targets=None block_size=128 dampening_frac=0.01 actorder=None offload_hessians=False added <torch.utils.hooks.RemovableHandle object at 0x18de3c7f0>
2026-06-07 06:40:26.031 | DEBUG    | llmcompressor.modifiers.utils.hooks:register_hook:98 - config_groups=None targets=['Linear'] ignore=['lm_head'] scheme='W4A16' kv_cache_scheme=None index=0 group='default' start=None end=None update=None initialized_=True finalized_=False started_=True ended_=False sequential_update=True sequential_targets=None block_size=128 dampening_frac=0.01 actorder=None offload_hessians=False added <torch.utils.hooks.RemovableHandle object at 0x18de3c8b0>
2026-06-07 06:40:26.031 | DEBUG    | llmcompressor.modifiers.utils.hooks:register_hook:98 - config_groups=None targets=['Linear'] ignore=['lm_head'] scheme='W4A16' kv_cache_scheme=None index=0 group='default' start=None end=None update=None initialized_=True finalized_=False started_=True ended_=False sequential_update=True sequential_targets=None block_size=128 dampening_frac=0.01 actorder=None offload_hessians=False added <torch.utils.hooks.RemovableHandle object at 0x18de3c970>
2026-06-07 06:40:26.031 | DEBUG    | llmcompressor.modifiers.utils.hooks:register_hook:98 - config_groups=None targets=['Linear'] ignore=['lm_head'] scheme='W4A16' kv_cache_scheme=None index=0 group='default' start=None end=None update=None initialized_=True finalized_=False started_=True ended_=False sequential_update=True sequential_targets=None block_size=128 dampening_frac=0.01 actorder=None offload_hessians=False added <torch.utils.hooks.RemovableHandle object at 0x18de3ca30>
2026-06-07 06:40:26.031 | DEBUG    | llmcompressor.modifiers.utils.hooks:register_hook:98 - config_groups=None targets=['Linear'] ignore=['lm_head'] scheme='W4A16' kv_cache_scheme=None index=0 group='default' start=None end=None update=None initialized_=True finalized_=False started_=True ended_=False sequential_update=True sequential_targets=None block_size=128 dampening_frac=0.01 actorder=None offload_hessians=False added <torch.utils.hooks.RemovableHandle object at 0x18de3caf0>
2026-06-07 06:40:26.031 | DEBUG    | llmcompressor.modifiers.utils.hooks:register_hook:98 - config_groups=None targets=['Linear'] ignore=['lm_head'] scheme='W4A16' kv_cache_scheme=None index=0 group='default' start=None end=None update=None initialized_=True finalized_=False started_=True ended_=False sequential_update=True sequential_targets=None block_size=128 dampening_frac=0.01 actorder=None offload_hessians=False added <torch.utils.hooks.RemovableHandle object at 0x18de3cbb0>
2026-06-07 06:40:26.031 | DEBUG    | llmcompressor.modifiers.utils.hooks:register_hook:98 - config_groups=None targets=['Linear'] ignore=['lm_head'] scheme='W4A16' kv_cache_scheme=None index=0 group='default' start=None end=None update=None initialized_=True finalized_=False started_=True ended_=False sequential_update=True sequential_targets=None block_size=128 dampening_frac=0.01 actorder=None offload_hessians=False added <torch.utils.hooks.RemovableHandle object at 0x18de3cc70>
2026-06-07 06:40:26.031 | DEBUG    | llmcompressor.modifiers.utils.hooks:register_hook:98 - config_groups=None targets=['Linear'] ignore=['lm_head'] scheme='W4A16' kv_cache_scheme=None index=0 group='default' start=None end=None update=None initialized_=True finalized_=False started_=True ended_=False sequential_update=True sequential_targets=None block_size=128 dampening_frac=0.01 actorder=None offload_hessians=False added <torch.utils.hooks.RemovableHandle object at 0x18de3cd30>
2026-06-07 06:40:26.031 | DEBUG    | llmcompressor.modifiers.utils.hooks:register_hook:98 - config_groups=None targets=['Linear'] ignore=['lm_head'] scheme='W4A16' kv_cache_scheme=None index=0 group='default' start=None end=None update=None initialized_=True finalized_=False started_=True ended_=False sequential_update=True sequential_targets=None block_size=128 dampening_frac=0.01 actorder=None offload_hessians=False added <torch.utils.hooks.RemovableHandle object at 0x18de3cdf0>
2026-06-07 06:40:26.032 | DEBUG    | llmcompressor.modifiers.utils.hooks:register_hook:98 - config_groups=None targets=['Linear'] ignore=['lm_head'] scheme='W4A16' kv_cache_scheme=None index=0 group='default' start=None end=None update=None initialized_=True finalized_=False started_=True ended_=False sequential_update=True sequential_targets=None block_size=128 dampening_frac=0.01 actorder=None offload_hessians=False added <torch.utils.hooks.RemovableHandle object at 0x18de3ceb0>
2026-06-07 06:40:26.032 | DEBUG    | llmcompressor.modifiers.utils.hooks:register_hook:98 - config_groups=None targets=['Linear'] ignore=['lm_head'] scheme='W4A16' kv_cache_scheme=None index=0 group='default' start=None end=None update=None initialized_=True finalized_=False started_=True ended_=False sequential_update=True sequential_targets=None block_size=128 dampening_frac=0.01 actorder=None offload_hessians=False added <torch.utils.hooks.RemovableHandle object at 0x18de3cf70>
2026-06-07 06:40:26.032 | DEBUG    | llmcompressor.modifiers.utils.hooks:register_hook:98 - config_groups=None targets=['Linear'] ignore=['lm_head'] scheme='W4A16' kv_cache_scheme=None index=0 group='default' start=None end=None update=None initialized_=True finalized_=False started_=True ended_=False sequential_update=True sequential_targets=None block_size=128 dampening_frac=0.01 actorder=None offload_hessians=False added <torch.utils.hooks.RemovableHandle object at 0x18de3d030>
2026-06-07 06:40:26.032 | DEBUG    | llmcompressor.modifiers.utils.hooks:register_hook:98 - config_groups=None targets=['Linear'] ignore=['lm_head'] scheme='W4A16' kv_cache_scheme=None index=0 group='default' start=None end=None update=None initialized_=True finalized_=False started_=True ended_=False sequential_update=True sequential_targets=None block_size=128 dampening_frac=0.01 actorder=None offload_hessians=False added <torch.utils.hooks.RemovableHandle object at 0x18de3d0f0>
2026-06-07 06:40:26.032 | DEBUG    | llmcompressor.modifiers.utils.hooks:register_hook:98 - config_groups=None targets=['Linear'] ignore=['lm_head'] scheme='W4A16' kv_cache_scheme=None index=0 group='default' start=None end=None update=None initialized_=True finalized_=False started_=True ended_=False sequential_update=True sequential_targets=None block_size=128 dampening_frac=0.01 actorder=None offload_hessians=False added <torch.utils.hooks.RemovableHandle object at 0x18de3d1b0>
2026-06-07 06:40:26.032 | DEBUG    | llmcompressor.modifiers.utils.hooks:register_hook:98 - config_groups=None targets=['Linear'] ignore=['lm_head'] scheme='W4A16' kv_cache_scheme=None index=0 group='default' start=None end=None update=None initialized_=True finalized_=False started_=True ended_=False sequential_update=True sequential_targets=None block_size=128 dampening_frac=0.01 actorder=None offload_hessians=False added <torch.utils.hooks.RemovableHandle object at 0x18de3d270>
2026-06-07 06:40:26.032 | DEBUG    | llmcompressor.modifiers.utils.hooks:register_hook:98 - config_groups=None targets=['Linear'] ignore=['lm_head'] scheme='W4A16' kv_cache_scheme=None index=0 group='default' start=None end=None update=None initialized_=True finalized_=False started_=True ended_=False sequential_update=True sequential_targets=None block_size=128 dampening_frac=0.01 actorder=None offload_hessians=False added <torch.utils.hooks.RemovableHandle object at 0x18de3d330>
2026-06-07 06:40:26.032 | DEBUG    | llmcompressor.modifiers.utils.hooks:register_hook:98 - config_groups=None targets=['Linear'] ignore=['lm_head'] scheme='W4A16' kv_cache_scheme=None index=0 group='default' start=None end=None update=None initialized_=True finalized_=False started_=True ended_=False sequential_update=True sequential_targets=None block_size=128 dampening_frac=0.01 actorder=None offload_hessians=False added <torch.utils.hooks.RemovableHandle object at 0x18de3d3f0>
2026-06-07 06:40:26.033 | DEBUG    | llmcompressor.modifiers.utils.hooks:register_hook:98 - config_groups=None targets=['Linear'] ignore=['lm_head'] scheme='W4A16' kv_cache_scheme=None index=0 group='default' start=None end=None update=None initialized_=True finalized_=False started_=True ended_=False sequential_update=True sequential_targets=None block_size=128 dampening_frac=0.01 actorder=None offload_hessians=False added <torch.utils.hooks.RemovableHandle object at 0x18de3d4b0>
2026-06-07 06:40:26.033 | DEBUG    | llmcompressor.modifiers.utils.hooks:register_hook:98 - config_groups=None targets=['Linear'] ignore=['lm_head'] scheme='W4A16' kv_cache_scheme=None index=0 group='default' start=None end=None update=None initialized_=True finalized_=False started_=True ended_=False sequential_update=True sequential_targets=None block_size=128 dampening_frac=0.01 actorder=None offload_hessians=False added <torch.utils.hooks.RemovableHandle object at 0x18de3d570>
2026-06-07 06:40:26.052 | DEBUG    | llmcompressor.modifiers.utils.hooks:register_hook:98 - config_groups=None targets=['Linear'] ignore=['lm_head'] scheme='W4A16' kv_cache_scheme=None index=0 group='default' start=None end=None update=None initialized_=True finalized_=False started_=True ended_=False sequential_update=True sequential_targets=None block_size=128 dampening_frac=0.01 actorder=None offload_hessians=False added <torch.utils.hooks.RemovableHandle object at 0x18de3d630>
2026-06-07 06:40:26.052 | DEBUG    | llmcompressor.modifiers.utils.hooks:register_hook:98 - config_groups=None targets=['Linear'] ignore=['lm_head'] scheme='W4A16' kv_cache_scheme=None index=0 group='default' start=None end=None update=None initialized_=True finalized_=False started_=True ended_=False sequential_update=True sequential_targets=None block_size=128 dampening_frac=0.01 actorder=None offload_hessians=False added <torch.utils.hooks.RemovableHandle object at 0x18de3d6f0>
2026-06-07 06:40:26.052 | DEBUG    | llmcompressor.modifiers.utils.hooks:register_hook:98 - config_groups=None targets=['Linear'] ignore=['lm_head'] scheme='W4A16' kv_cache_scheme=None index=0 group='default' start=None end=None update=None initialized_=True finalized_=False started_=True ended_=False sequential_update=True sequential_targets=None block_size=128 dampening_frac=0.01 actorder=None offload_hessians=False added <torch.utils.hooks.RemovableHandle object at 0x18de3d7b0>
2026-06-07 06:40:26.052 | DEBUG    | llmcompressor.modifiers.utils.hooks:register_hook:98 - config_groups=None targets=['Linear'] ignore=['lm_head'] scheme='W4A16' kv_cache_scheme=None index=0 group='default' start=None end=None update=None initialized_=True finalized_=False started_=True ended_=False sequential_update=True sequential_targets=None block_size=128 dampening_frac=0.01 actorder=None offload_hessians=False added <torch.utils.hooks.RemovableHandle object at 0x18de3d870>
2026-06-07 06:40:26.053 | DEBUG    | llmcompressor.modifiers.utils.hooks:register_hook:98 - config_groups=None targets=['Linear'] ignore=['lm_head'] scheme='W4A16' kv_cache_scheme=None index=0 group='default' start=None end=None update=None initialized_=True finalized_=False started_=True ended_=False sequential_update=True sequential_targets=None block_size=128 dampening_frac=0.01 actorder=None offload_hessians=False added <torch.utils.hooks.RemovableHandle object at 0x18de3d930>
2026-06-07 06:40:26.053 | DEBUG    | llmcompressor.modifiers.utils.hooks:register_hook:98 - config_groups=None targets=['Linear'] ignore=['lm_head'] scheme='W4A16' kv_cache_scheme=None index=0 group='default' start=None end=None update=None initialized_=True finalized_=False started_=True ended_=False sequential_update=True sequential_targets=None block_size=128 dampening_frac=0.01 actorder=None offload_hessians=False added <torch.utils.hooks.RemovableHandle object at 0x18de3d9f0>
2026-06-07 06:40:26.053 | DEBUG    | llmcompressor.modifiers.utils.hooks:register_hook:98 - config_groups=None targets=['Linear'] ignore=['lm_head'] scheme='W4A16' kv_cache_scheme=None index=0 group='default' start=None end=None update=None initialized_=True finalized_=False started_=True ended_=False sequential_update=True sequential_targets=None block_size=128 dampening_frac=0.01 actorder=None offload_hessians=False added <torch.utils.hooks.RemovableHandle object at 0x18de3dab0>
2026-06-07 06:40:26.053 | DEBUG    | llmcompressor.modifiers.utils.hooks:register_hook:98 - config_groups=None targets=['Linear'] ignore=['lm_head'] scheme='W4A16' kv_cache_scheme=None index=0 group='default' start=None end=None update=None initialized_=True finalized_=False started_=True ended_=False sequential_update=True sequential_targets=None block_size=128 dampening_frac=0.01 actorder=None offload_hessians=False added <torch.utils.hooks.RemovableHandle object at 0x18de3db70>
2026-06-07 06:40:26.053 | DEBUG    | llmcompressor.modifiers.utils.hooks:register_hook:98 - config_groups=None targets=['Linear'] ignore=['lm_head'] scheme='W4A16' kv_cache_scheme=None index=0 group='default' start=None end=None update=None initialized_=True finalized_=False started_=True ended_=False sequential_update=True sequential_targets=None block_size=128 dampening_frac=0.01 actorder=None offload_hessians=False added <torch.utils.hooks.RemovableHandle object at 0x18de3dc30>
2026-06-07 06:40:26.053 | DEBUG    | llmcompressor.modifiers.utils.hooks:register_hook:98 - config_groups=None targets=['Linear'] ignore=['lm_head'] scheme='W4A16' kv_cache_scheme=None index=0 group='default' start=None end=None update=None initialized_=True finalized_=False started_=True ended_=False sequential_update=True sequential_targets=None block_size=128 dampening_frac=0.01 actorder=None offload_hessians=False added <torch.utils.hooks.RemovableHandle object at 0x18de3dcf0>
2026-06-07 06:40:26.053 | DEBUG    | llmcompressor.modifiers.utils.hooks:register_hook:98 - config_groups=None targets=['Linear'] ignore=['lm_head'] scheme='W4A16' kv_cache_scheme=None index=0 group='default' start=None end=None update=None initialized_=True finalized_=False started_=True ended_=False sequential_update=True sequential_targets=None block_size=128 dampening_frac=0.01 actorder=None offload_hessians=False added <torch.utils.hooks.RemovableHandle object at 0x18de3ddb0>
2026-06-07 06:40:26.054 | DEBUG    | llmcompressor.modifiers.utils.hooks:register_hook:98 - config_groups=None targets=['Linear'] ignore=['lm_head'] scheme='W4A16' kv_cache_scheme=None index=0 group='default' start=None end=None update=None initialized_=True finalized_=False started_=True ended_=False sequential_update=True sequential_targets=None block_size=128 dampening_frac=0.01 actorder=None offload_hessians=False added <torch.utils.hooks.RemovableHandle object at 0x18de3de70>
2026-06-07 06:40:26.054 | DEBUG    | llmcompressor.modifiers.utils.hooks:register_hook:98 - config_groups=None targets=['Linear'] ignore=['lm_head'] scheme='W4A16' kv_cache_scheme=None index=0 group='default' start=None end=None update=None initialized_=True finalized_=False started_=True ended_=False sequential_update=True sequential_targets=None block_size=128 dampening_frac=0.01 actorder=None offload_hessians=False added <torch.utils.hooks.RemovableHandle object at 0x18de3df30>
2026-06-07 06:40:26.054 | DEBUG    | llmcompressor.modifiers.utils.hooks:register_hook:98 - config_groups=None targets=['Linear'] ignore=['lm_head'] scheme='W4A16' kv_cache_scheme=None index=0 group='default' start=None end=None update=None initialized_=True finalized_=False started_=True ended_=False sequential_update=True sequential_targets=None block_size=128 dampening_frac=0.01 actorder=None offload_hessians=False added <torch.utils.hooks.RemovableHandle object at 0x18de3dff0>
2026-06-07 06:40:26.054 | DEBUG    | llmcompressor.modifiers.utils.hooks:register_hook:98 - config_groups=None targets=['Linear'] ignore=['lm_head'] scheme='W4A16' kv_cache_scheme=None index=0 group='default' start=None end=None update=None initialized_=True finalized_=False started_=True ended_=False sequential_update=True sequential_targets=None block_size=128 dampening_frac=0.01 actorder=None offload_hessians=False added <torch.utils.hooks.RemovableHandle object at 0x18de3e0b0>
2026-06-07 06:40:26.054 | DEBUG    | llmcompressor.modifiers.utils.hooks:register_hook:98 - config_groups=None targets=['Linear'] ignore=['lm_head'] scheme='W4A16' kv_cache_scheme=None index=0 group='default' start=None end=None update=None initialized_=True finalized_=False started_=True ended_=False sequential_update=True sequential_targets=None block_size=128 dampening_frac=0.01 actorder=None offload_hessians=False added <torch.utils.hooks.RemovableHandle object at 0x18de3e170>
2026-06-07 06:40:26.054 | DEBUG    | llmcompressor.modifiers.utils.hooks:register_hook:98 - config_groups=None targets=['Linear'] ignore=['lm_head'] scheme='W4A16' kv_cache_scheme=None index=0 group='default' start=None end=None update=None initialized_=True finalized_=False started_=True ended_=False sequential_update=True sequential_targets=None block_size=128 dampening_frac=0.01 actorder=None offload_hessians=False added <torch.utils.hooks.RemovableHandle object at 0x18de3e230>
2026-06-07 06:40:26.055 | DEBUG    | llmcompressor.modifiers.utils.hooks:register_hook:98 - config_groups=None targets=['Linear'] ignore=['lm_head'] scheme='W4A16' kv_cache_scheme=None index=0 group='default' start=None end=None update=None initialized_=True finalized_=False started_=True ended_=False sequential_update=True sequential_targets=None block_size=128 dampening_frac=0.01 actorder=None offload_hessians=False added <torch.utils.hooks.RemovableHandle object at 0x18de3e2f0>
2026-06-07 06:40:26.055 | DEBUG    | llmcompressor.modifiers.utils.hooks:register_hook:98 - config_groups=None targets=['Linear'] ignore=['lm_head'] scheme='W4A16' kv_cache_scheme=None index=0 group='default' start=None end=None update=None initialized_=True finalized_=False started_=True ended_=False sequential_update=True sequential_targets=None block_size=128 dampening_frac=0.01 actorder=None offload_hessians=False added <torch.utils.hooks.RemovableHandle object at 0x18de3e3b0>
2026-06-07 06:40:26.055 | DEBUG    | llmcompressor.modifiers.utils.hooks:register_hook:98 - config_groups=None targets=['Linear'] ignore=['lm_head'] scheme='W4A16' kv_cache_scheme=None index=0 group='default' start=None end=None update=None initialized_=True finalized_=False started_=True ended_=False sequential_update=True sequential_targets=None block_size=128 dampening_frac=0.01 actorder=None offload_hessians=False added <torch.utils.hooks.RemovableHandle object at 0x18de3e470>
2026-06-07 06:40:26.055 | DEBUG    | llmcompressor.modifiers.utils.hooks:register_hook:98 - config_groups=None targets=['Linear'] ignore=['lm_head'] scheme='W4A16' kv_cache_scheme=None index=0 group='default' start=None end=None update=None initialized_=True finalized_=False started_=True ended_=False sequential_update=True sequential_targets=None block_size=128 dampening_frac=0.01 actorder=None offload_hessians=False added <torch.utils.hooks.RemovableHandle object at 0x18de3e530>
2026-06-07 06:40:26.055 | DEBUG    | llmcompressor.modifiers.utils.hooks:register_hook:98 - config_groups=None targets=['Linear'] ignore=['lm_head'] scheme='W4A16' kv_cache_scheme=None index=0 group='default' start=None end=None update=None initialized_=True finalized_=False started_=True ended_=False sequential_update=True sequential_targets=None block_size=128 dampening_frac=0.01 actorder=None offload_hessians=False added <torch.utils.hooks.RemovableHandle object at 0x18de3e5f0>
2026-06-07 06:40:26.055 | DEBUG    | llmcompressor.modifiers.utils.hooks:register_hook:98 - config_groups=None targets=['Linear'] ignore=['lm_head'] scheme='W4A16' kv_cache_scheme=None index=0 group='default' start=None end=None update=None initialized_=True finalized_=False started_=True ended_=False sequential_update=True sequential_targets=None block_size=128 dampening_frac=0.01 actorder=None offload_hessians=False added <torch.utils.hooks.RemovableHandle object at 0x18de3e6b0>
2026-06-07 06:40:26.055 | DEBUG    | llmcompressor.modifiers.utils.hooks:register_hook:98 - config_groups=None targets=['Linear'] ignore=['lm_head'] scheme='W4A16' kv_cache_scheme=None index=0 group='default' start=None end=None update=None initialized_=True finalized_=False started_=True ended_=False sequential_update=True sequential_targets=None block_size=128 dampening_frac=0.01 actorder=None offload_hessians=False added <torch.utils.hooks.RemovableHandle object at 0x18de3e770>
2026-06-07 06:40:26.055 | DEBUG    | llmcompressor.modifiers.utils.hooks:register_hook:98 - config_groups=None targets=['Linear'] ignore=['lm_head'] scheme='W4A16' kv_cache_scheme=None index=0 group='default' start=None end=None update=None initialized_=True finalized_=False started_=True ended_=False sequential_update=True sequential_targets=None block_size=128 dampening_frac=0.01 actorder=None offload_hessians=False added <torch.utils.hooks.RemovableHandle object at 0x18de3e830>
2026-06-07 06:40:26.056 | DEBUG    | llmcompressor.modifiers.utils.hooks:register_hook:98 - config_groups=None targets=['Linear'] ignore=['lm_head'] scheme='W4A16' kv_cache_scheme=None index=0 group='default' start=None end=None update=None initialized_=True finalized_=False started_=True ended_=False sequential_update=True sequential_targets=None block_size=128 dampening_frac=0.01 actorder=None offload_hessians=False added <torch.utils.hooks.RemovableHandle object at 0x18de3e8f0>
2026-06-07 06:40:26.056 | DEBUG    | llmcompressor.modifiers.utils.hooks:register_hook:98 - config_groups=None targets=['Linear'] ignore=['lm_head'] scheme='W4A16' kv_cache_scheme=None index=0 group='default' start=None end=None update=None initialized_=True finalized_=False started_=True ended_=False sequential_update=True sequential_targets=None block_size=128 dampening_frac=0.01 actorder=None offload_hessians=False added <torch.utils.hooks.RemovableHandle object at 0x18de3e9b0>
2026-06-07 06:40:26.056 | DEBUG    | llmcompressor.modifiers.utils.hooks:register_hook:98 - config_groups=None targets=['Linear'] ignore=['lm_head'] scheme='W4A16' kv_cache_scheme=None index=0 group='default' start=None end=None update=None initialized_=True finalized_=False started_=True ended_=False sequential_update=True sequential_targets=None block_size=128 dampening_frac=0.01 actorder=None offload_hessians=False added <torch.utils.hooks.RemovableHandle object at 0x18de3ea70>
2026-06-07 06:40:26.056 | DEBUG    | llmcompressor.modifiers.utils.hooks:register_hook:98 - config_groups=None targets=['Linear'] ignore=['lm_head'] scheme='W4A16' kv_cache_scheme=None index=0 group='default' start=None end=None update=None initialized_=True finalized_=False started_=True ended_=False sequential_update=True sequential_targets=None block_size=128 dampening_frac=0.01 actorder=None offload_hessians=False added <torch.utils.hooks.RemovableHandle object at 0x18de3eb30>
2026-06-07 06:40:26.056 | DEBUG    | llmcompressor.modifiers.utils.hooks:register_hook:98 - config_groups=None targets=['Linear'] ignore=['lm_head'] scheme='W4A16' kv_cache_scheme=None index=0 group='default' start=None end=None update=None initialized_=True finalized_=False started_=True ended_=False sequential_update=True sequential_targets=None block_size=128 dampening_frac=0.01 actorder=None offload_hessians=False added <torch.utils.hooks.RemovableHandle object at 0x18de3ebf0>
2026-06-07 06:40:26.056 | DEBUG    | llmcompressor.modifiers.utils.hooks:register_hook:98 - config_groups=None targets=['Linear'] ignore=['lm_head'] scheme='W4A16' kv_cache_scheme=None index=0 group='default' start=None end=None update=None initialized_=True finalized_=False started_=True ended_=False sequential_update=True sequential_targets=None block_size=128 dampening_frac=0.01 actorder=None offload_hessians=False added <torch.utils.hooks.RemovableHandle object at 0x18de3ecb0>
2026-06-07 06:40:26.056 | DEBUG    | llmcompressor.modifiers.utils.hooks:register_hook:98 - config_groups=None targets=['Linear'] ignore=['lm_head'] scheme='W4A16' kv_cache_scheme=None index=0 group='default' start=None end=None update=None initialized_=True finalized_=False started_=True ended_=False sequential_update=True sequential_targets=None block_size=128 dampening_frac=0.01 actorder=None offload_hessians=False added <torch.utils.hooks.RemovableHandle object at 0x18de3ed70>
2026-06-07 06:40:26.056 | DEBUG    | llmcompressor.modifiers.utils.hooks:register_hook:98 - config_groups=None targets=['Linear'] ignore=['lm_head'] scheme='W4A16' kv_cache_scheme=None index=0 group='default' start=None end=None update=None initialized_=True finalized_=False started_=True ended_=False sequential_update=True sequential_targets=None block_size=128 dampening_frac=0.01 actorder=None offload_hessians=False added <torch.utils.hooks.RemovableHandle object at 0x18de3ee30>
2026-06-07 06:40:26.057 | DEBUG    | llmcompressor.modifiers.utils.hooks:register_hook:98 - config_groups=None targets=['Linear'] ignore=['lm_head'] scheme='W4A16' kv_cache_scheme=None index=0 group='default' start=None end=None update=None initialized_=True finalized_=False started_=True ended_=False sequential_update=True sequential_targets=None block_size=128 dampening_frac=0.01 actorder=None offload_hessians=False added <torch.utils.hooks.RemovableHandle object at 0x18de3eef0>
2026-06-07 06:40:26.057 | DEBUG    | llmcompressor.modifiers.utils.hooks:register_hook:98 - config_groups=None targets=['Linear'] ignore=['lm_head'] scheme='W4A16' kv_cache_scheme=None index=0 group='default' start=None end=None update=None initialized_=True finalized_=False started_=True ended_=False sequential_update=True sequential_targets=None block_size=128 dampening_frac=0.01 actorder=None offload_hessians=False added <torch.utils.hooks.RemovableHandle object at 0x18de3efb0>
2026-06-07 06:40:26.057 | DEBUG    | llmcompressor.modifiers.utils.hooks:register_hook:98 - config_groups=None targets=['Linear'] ignore=['lm_head'] scheme='W4A16' kv_cache_scheme=None index=0 group='default' start=None end=None update=None initialized_=True finalized_=False started_=True ended_=False sequential_update=True sequential_targets=None block_size=128 dampening_frac=0.01 actorder=None offload_hessians=False added <torch.utils.hooks.RemovableHandle object at 0x18de3f070>
2026-06-07 06:40:26.057 | DEBUG    | llmcompressor.modifiers.utils.hooks:register_hook:98 - config_groups=None targets=['Linear'] ignore=['lm_head'] scheme='W4A16' kv_cache_scheme=None index=0 group='default' start=None end=None update=None initialized_=True finalized_=False started_=True ended_=False sequential_update=True sequential_targets=None block_size=128 dampening_frac=0.01 actorder=None offload_hessians=False added <torch.utils.hooks.RemovableHandle object at 0x18de3f130>
2026-06-07 06:40:26.057 | DEBUG    | llmcompressor.modifiers.utils.hooks:register_hook:98 - config_groups=None targets=['Linear'] ignore=['lm_head'] scheme='W4A16' kv_cache_scheme=None index=0 group='default' start=None end=None update=None initialized_=True finalized_=False started_=True ended_=False sequential_update=True sequential_targets=None block_size=128 dampening_frac=0.01 actorder=None offload_hessians=False added <torch.utils.hooks.RemovableHandle object at 0x18de3f1f0>
2026-06-07 06:40:26.057 | DEBUG    | llmcompressor.modifiers.utils.hooks:register_hook:98 - config_groups=None targets=['Linear'] ignore=['lm_head'] scheme='W4A16' kv_cache_scheme=None index=0 group='default' start=None end=None update=None initialized_=True finalized_=False started_=True ended_=False sequential_update=True sequential_targets=None block_size=128 dampening_frac=0.01 actorder=None offload_hessians=False added <torch.utils.hooks.RemovableHandle object at 0x18de3f2b0>
2026-06-07 06:40:26.057 | DEBUG    | llmcompressor.modifiers.utils.hooks:register_hook:98 - config_groups=None targets=['Linear'] ignore=['lm_head'] scheme='W4A16' kv_cache_scheme=None index=0 group='default' start=None end=None update=None initialized_=True finalized_=False started_=True ended_=False sequential_update=True sequential_targets=None block_size=128 dampening_frac=0.01 actorder=None offload_hessians=False added <torch.utils.hooks.RemovableHandle object at 0x18de3f370>
2026-06-07 06:40:26.057 | DEBUG    | llmcompressor.modifiers.utils.hooks:register_hook:98 - config_groups=None targets=['Linear'] ignore=['lm_head'] scheme='W4A16' kv_cache_scheme=None index=0 group='default' start=None end=None update=None initialized_=True finalized_=False started_=True ended_=False sequential_update=True sequential_targets=None block_size=128 dampening_frac=0.01 actorder=None offload_hessians=False added <torch.utils.hooks.RemovableHandle object at 0x18de3f430>
2026-06-07 06:40:26.058 | DEBUG    | llmcompressor.modifiers.utils.hooks:register_hook:98 - config_groups=None targets=['Linear'] ignore=['lm_head'] scheme='W4A16' kv_cache_scheme=None index=0 group='default' start=None end=None update=None initialized_=True finalized_=False started_=True ended_=False sequential_update=True sequential_targets=None block_size=128 dampening_frac=0.01 actorder=None offload_hessians=False added <torch.utils.hooks.RemovableHandle object at 0x18de3f4f0>
2026-06-07 06:40:26.058 | DEBUG    | llmcompressor.modifiers.utils.hooks:register_hook:98 - config_groups=None targets=['Linear'] ignore=['lm_head'] scheme='W4A16' kv_cache_scheme=None index=0 group='default' start=None end=None update=None initialized_=True finalized_=False started_=True ended_=False sequential_update=True sequential_targets=None block_size=128 dampening_frac=0.01 actorder=None offload_hessians=False added <torch.utils.hooks.RemovableHandle object at 0x18de3f5b0>
2026-06-07 06:40:26.058 | DEBUG    | llmcompressor.modifiers.utils.hooks:register_hook:98 - config_groups=None targets=['Linear'] ignore=['lm_head'] scheme='W4A16' kv_cache_scheme=None index=0 group='default' start=None end=None update=None initialized_=True finalized_=False started_=True ended_=False sequential_update=True sequential_targets=None block_size=128 dampening_frac=0.01 actorder=None offload_hessians=False added <torch.utils.hooks.RemovableHandle object at 0x18de3f670>
2026-06-07 06:40:26.058 | DEBUG    | llmcompressor.modifiers.utils.hooks:register_hook:98 - config_groups=None targets=['Linear'] ignore=['lm_head'] scheme='W4A16' kv_cache_scheme=None index=0 group='default' start=None end=None update=None initialized_=True finalized_=False started_=True ended_=False sequential_update=True sequential_targets=None block_size=128 dampening_frac=0.01 actorder=None offload_hessians=False added <torch.utils.hooks.RemovableHandle object at 0x18de3f730>
2026-06-07 06:40:26.058 | DEBUG    | llmcompressor.modifiers.utils.hooks:register_hook:98 - config_groups=None targets=['Linear'] ignore=['lm_head'] scheme='W4A16' kv_cache_scheme=None index=0 group='default' start=None end=None update=None initialized_=True finalized_=False started_=True ended_=False sequential_update=True sequential_targets=None block_size=128 dampening_frac=0.01 actorder=None offload_hessians=False added <torch.utils.hooks.RemovableHandle object at 0x18de3f7f0>
2026-06-07 06:40:26.058 | DEBUG    | llmcompressor.modifiers.utils.hooks:register_hook:98 - config_groups=None targets=['Linear'] ignore=['lm_head'] scheme='W4A16' kv_cache_scheme=None index=0 group='default' start=None end=None update=None initialized_=True finalized_=False started_=True ended_=False sequential_update=True sequential_targets=None block_size=128 dampening_frac=0.01 actorder=None offload_hessians=False added <torch.utils.hooks.RemovableHandle object at 0x18de3f8b0>
2026-06-07 06:40:26.058 | DEBUG    | llmcompressor.modifiers.utils.hooks:register_hook:98 - config_groups=None targets=['Linear'] ignore=['lm_head'] scheme='W4A16' kv_cache_scheme=None index=0 group='default' start=None end=None update=None initialized_=True finalized_=False started_=True ended_=False sequential_update=True sequential_targets=None block_size=128 dampening_frac=0.01 actorder=None offload_hessians=False added <torch.utils.hooks.RemovableHandle object at 0x18de3f970>
2026-06-07 06:40:26.059 | DEBUG    | llmcompressor.modifiers.utils.hooks:register_hook:98 - config_groups=None targets=['Linear'] ignore=['lm_head'] scheme='W4A16' kv_cache_scheme=None index=0 group='default' start=None end=None update=None initialized_=True finalized_=False started_=True ended_=False sequential_update=True sequential_targets=None block_size=128 dampening_frac=0.01 actorder=None offload_hessians=False added <torch.utils.hooks.RemovableHandle object at 0x18de3fa30>
2026-06-07 06:40:26.059 | DEBUG    | llmcompressor.modifiers.utils.hooks:register_hook:98 - config_groups=None targets=['Linear'] ignore=['lm_head'] scheme='W4A16' kv_cache_scheme=None index=0 group='default' start=None end=None update=None initialized_=True finalized_=False started_=True ended_=False sequential_update=True sequential_targets=None block_size=128 dampening_frac=0.01 actorder=None offload_hessians=False added <torch.utils.hooks.RemovableHandle object at 0x18de3faf0>
2026-06-07 06:40:26.059 | DEBUG    | llmcompressor.modifiers.utils.hooks:register_hook:98 - config_groups=None targets=['Linear'] ignore=['lm_head'] scheme='W4A16' kv_cache_scheme=None index=0 group='default' start=None end=None update=None initialized_=True finalized_=False started_=True ended_=False sequential_update=True sequential_targets=None block_size=128 dampening_frac=0.01 actorder=None offload_hessians=False added <torch.utils.hooks.RemovableHandle object at 0x18de3fbb0>
2026-06-07 06:40:26.059 | DEBUG    | llmcompressor.modifiers.utils.hooks:register_hook:98 - config_groups=None targets=['Linear'] ignore=['lm_head'] scheme='W4A16' kv_cache_scheme=None index=0 group='default' start=None end=None update=None initialized_=True finalized_=False started_=True ended_=False sequential_update=True sequential_targets=None block_size=128 dampening_frac=0.01 actorder=None offload_hessians=False added <torch.utils.hooks.RemovableHandle object at 0x18de3fc70>
2026-06-07 06:40:26.059 | DEBUG    | llmcompressor.modifiers.utils.hooks:register_hook:98 - config_groups=None targets=['Linear'] ignore=['lm_head'] scheme='W4A16' kv_cache_scheme=None index=0 group='default' start=None end=None update=None initialized_=True finalized_=False started_=True ended_=False sequential_update=True sequential_targets=None block_size=128 dampening_frac=0.01 actorder=None offload_hessians=False added <torch.utils.hooks.RemovableHandle object at 0x18de3fd30>
2026-06-07 06:40:26.059 | DEBUG    | llmcompressor.modifiers.utils.hooks:register_hook:98 - config_groups=None targets=['Linear'] ignore=['lm_head'] scheme='W4A16' kv_cache_scheme=None index=0 group='default' start=None end=None update=None initialized_=True finalized_=False started_=True ended_=False sequential_update=True sequential_targets=None block_size=128 dampening_frac=0.01 actorder=None offload_hessians=False added <torch.utils.hooks.RemovableHandle object at 0x18de3fdf0>
2026-06-07 06:40:26.059 | DEBUG    | llmcompressor.modifiers.utils.hooks:register_hook:98 - config_groups=None targets=['Linear'] ignore=['lm_head'] scheme='W4A16' kv_cache_scheme=None index=0 group='default' start=None end=None update=None initialized_=True finalized_=False started_=True ended_=False sequential_update=True sequential_targets=None block_size=128 dampening_frac=0.01 actorder=None offload_hessians=False added <torch.utils.hooks.RemovableHandle object at 0x18de3feb0>
2026-06-07 06:40:26.059 | DEBUG    | llmcompressor.modifiers.utils.hooks:register_hook:98 - config_groups=None targets=['Linear'] ignore=['lm_head'] scheme='W4A16' kv_cache_scheme=None index=0 group='default' start=None end=None update=None initialized_=True finalized_=False started_=True ended_=False sequential_update=True sequential_targets=None block_size=128 dampening_frac=0.01 actorder=None offload_hessians=False added <torch.utils.hooks.RemovableHandle object at 0x18de3ff70>
2026-06-07 06:40:26.060 | DEBUG    | llmcompressor.modifiers.utils.hooks:register_hook:98 - config_groups=None targets=['Linear'] ignore=['lm_head'] scheme='W4A16' kv_cache_scheme=None index=0 group='default' start=None end=None update=None initialized_=True finalized_=False started_=True ended_=False sequential_update=True sequential_targets=None block_size=128 dampening_frac=0.01 actorder=None offload_hessians=False added <torch.utils.hooks.RemovableHandle object at 0x18de5c0a0>
2026-06-07 06:40:26.060 | DEBUG    | llmcompressor.modifiers.utils.hooks:register_hook:98 - config_groups=None targets=['Linear'] ignore=['lm_head'] scheme='W4A16' kv_cache_scheme=None index=0 group='default' start=None end=None update=None initialized_=True finalized_=False started_=True ended_=False sequential_update=True sequential_targets=None block_size=128 dampening_frac=0.01 actorder=None offload_hessians=False added <torch.utils.hooks.RemovableHandle object at 0x18de5c130>
2026-06-07 06:40:26.060 | DEBUG    | llmcompressor.modifiers.utils.hooks:register_hook:98 - config_groups=None targets=['Linear'] ignore=['lm_head'] scheme='W4A16' kv_cache_scheme=None index=0 group='default' start=None end=None update=None initialized_=True finalized_=False started_=True ended_=False sequential_update=True sequential_targets=None block_size=128 dampening_frac=0.01 actorder=None offload_hessians=False added <torch.utils.hooks.RemovableHandle object at 0x18de5c1f0>
2026-06-07 06:40:26.060 | DEBUG    | llmcompressor.modifiers.utils.hooks:register_hook:98 - config_groups=None targets=['Linear'] ignore=['lm_head'] scheme='W4A16' kv_cache_scheme=None index=0 group='default' start=None end=None update=None initialized_=True finalized_=False started_=True ended_=False sequential_update=True sequential_targets=None block_size=128 dampening_frac=0.01 actorder=None offload_hessians=False added <torch.utils.hooks.RemovableHandle object at 0x18de5c2b0>
2026-06-07 06:40:26.060 | DEBUG    | llmcompressor.modifiers.utils.hooks:register_hook:98 - config_groups=None targets=['Linear'] ignore=['lm_head'] scheme='W4A16' kv_cache_scheme=None index=0 group='default' start=None end=None update=None initialized_=True finalized_=False started_=True ended_=False sequential_update=True sequential_targets=None block_size=128 dampening_frac=0.01 actorder=None offload_hessians=False added <torch.utils.hooks.RemovableHandle object at 0x18de5c370>
2026-06-07 06:40:26.060 | DEBUG    | llmcompressor.modifiers.utils.hooks:register_hook:98 - config_groups=None targets=['Linear'] ignore=['lm_head'] scheme='W4A16' kv_cache_scheme=None index=0 group='default' start=None end=None update=None initialized_=True finalized_=False started_=True ended_=False sequential_update=True sequential_targets=None block_size=128 dampening_frac=0.01 actorder=None offload_hessians=False added <torch.utils.hooks.RemovableHandle object at 0x18de5c430>
2026-06-07 06:40:26.060 | DEBUG    | llmcompressor.modifiers.utils.hooks:register_hook:98 - config_groups=None targets=['Linear'] ignore=['lm_head'] scheme='W4A16' kv_cache_scheme=None index=0 group='default' start=None end=None update=None initialized_=True finalized_=False started_=True ended_=False sequential_update=True sequential_targets=None block_size=128 dampening_frac=0.01 actorder=None offload_hessians=False added <torch.utils.hooks.RemovableHandle object at 0x18de5c4f0>
2026-06-07 06:40:26.060 | DEBUG    | llmcompressor.modifiers.utils.hooks:register_hook:98 - config_groups=None targets=['Linear'] ignore=['lm_head'] scheme='W4A16' kv_cache_scheme=None index=0 group='default' start=None end=None update=None initialized_=True finalized_=False started_=True ended_=False sequential_update=True sequential_targets=None block_size=128 dampening_frac=0.01 actorder=None offload_hessians=False added <torch.utils.hooks.RemovableHandle object at 0x18de5c5b0>
2026-06-07 06:40:26.061 | DEBUG    | llmcompressor.modifiers.utils.hooks:register_hook:98 - config_groups=None targets=['Linear'] ignore=['lm_head'] scheme='W4A16' kv_cache_scheme=None index=0 group='default' start=None end=None update=None initialized_=True finalized_=False started_=True ended_=False sequential_update=True sequential_targets=None block_size=128 dampening_frac=0.01 actorder=None offload_hessians=False added <torch.utils.hooks.RemovableHandle object at 0x18de5c670>
2026-06-07 06:40:26.061 | DEBUG    | llmcompressor.modifiers.utils.hooks:register_hook:98 - config_groups=None targets=['Linear'] ignore=['lm_head'] scheme='W4A16' kv_cache_scheme=None index=0 group='default' start=None end=None update=None initialized_=True finalized_=False started_=True ended_=False sequential_update=True sequential_targets=None block_size=128 dampening_frac=0.01 actorder=None offload_hessians=False added <torch.utils.hooks.RemovableHandle object at 0x18de5c730>
2026-06-07 06:40:26.061 | DEBUG    | llmcompressor.modifiers.utils.hooks:register_hook:98 - config_groups=None targets=['Linear'] ignore=['lm_head'] scheme='W4A16' kv_cache_scheme=None index=0 group='default' start=None end=None update=None initialized_=True finalized_=False started_=True ended_=False sequential_update=True sequential_targets=None block_size=128 dampening_frac=0.01 actorder=None offload_hessians=False added <torch.utils.hooks.RemovableHandle object at 0x18de5c7f0>
2026-06-07 06:40:26.061 | DEBUG    | llmcompressor.modifiers.utils.hooks:register_hook:98 - config_groups=None targets=['Linear'] ignore=['lm_head'] scheme='W4A16' kv_cache_scheme=None index=0 group='default' start=None end=None update=None initialized_=True finalized_=False started_=True ended_=False sequential_update=True sequential_targets=None block_size=128 dampening_frac=0.01 actorder=None offload_hessians=False added <torch.utils.hooks.RemovableHandle object at 0x18de5c8b0>
2026-06-07 06:40:26.061 | DEBUG    | llmcompressor.modifiers.utils.hooks:register_hook:98 - config_groups=None targets=['Linear'] ignore=['lm_head'] scheme='W4A16' kv_cache_scheme=None index=0 group='default' start=None end=None update=None initialized_=True finalized_=False started_=True ended_=False sequential_update=True sequential_targets=None block_size=128 dampening_frac=0.01 actorder=None offload_hessians=False added <torch.utils.hooks.RemovableHandle object at 0x18de5c970>
2026-06-07 06:40:26.061 | DEBUG    | llmcompressor.modifiers.utils.hooks:register_hook:98 - config_groups=None targets=['Linear'] ignore=['lm_head'] scheme='W4A16' kv_cache_scheme=None index=0 group='default' start=None end=None update=None initialized_=True finalized_=False started_=True ended_=False sequential_update=True sequential_targets=None block_size=128 dampening_frac=0.01 actorder=None offload_hessians=False added <torch.utils.hooks.RemovableHandle object at 0x18de5ca30>
2026-06-07 06:40:26.061 | DEBUG    | llmcompressor.modifiers.utils.hooks:register_hook:98 - config_groups=None targets=['Linear'] ignore=['lm_head'] scheme='W4A16' kv_cache_scheme=None index=0 group='default' start=None end=None update=None initialized_=True finalized_=False started_=True ended_=False sequential_update=True sequential_targets=None block_size=128 dampening_frac=0.01 actorder=None offload_hessians=False added <torch.utils.hooks.RemovableHandle object at 0x18de5caf0>
2026-06-07 06:40:26.061 | DEBUG    | llmcompressor.modifiers.utils.hooks:register_hook:98 - config_groups=None targets=['Linear'] ignore=['lm_head'] scheme='W4A16' kv_cache_scheme=None index=0 group='default' start=None end=None update=None initialized_=True finalized_=False started_=True ended_=False sequential_update=True sequential_targets=None block_size=128 dampening_frac=0.01 actorder=None offload_hessians=False added <torch.utils.hooks.RemovableHandle object at 0x18de5cbb0>
2026-06-07 06:40:26.062 | DEBUG    | llmcompressor.modifiers.utils.hooks:register_hook:98 - config_groups=None targets=['Linear'] ignore=['lm_head'] scheme='W4A16' kv_cache_scheme=None index=0 group='default' start=None end=None update=None initialized_=True finalized_=False started_=True ended_=False sequential_update=True sequential_targets=None block_size=128 dampening_frac=0.01 actorder=None offload_hessians=False added <torch.utils.hooks.RemovableHandle object at 0x18de5cc70>
2026-06-07 06:40:26.062 | DEBUG    | llmcompressor.modifiers.utils.hooks:register_hook:98 - config_groups=None targets=['Linear'] ignore=['lm_head'] scheme='W4A16' kv_cache_scheme=None index=0 group='default' start=None end=None update=None initialized_=True finalized_=False started_=True ended_=False sequential_update=True sequential_targets=None block_size=128 dampening_frac=0.01 actorder=None offload_hessians=False added <torch.utils.hooks.RemovableHandle object at 0x18de5cd30>
2026-06-07 06:40:26.062 | DEBUG    | llmcompressor.modifiers.utils.hooks:register_hook:98 - config_groups=None targets=['Linear'] ignore=['lm_head'] scheme='W4A16' kv_cache_scheme=None index=0 group='default' start=None end=None update=None initialized_=True finalized_=False started_=True ended_=False sequential_update=True sequential_targets=None block_size=128 dampening_frac=0.01 actorder=None offload_hessians=False added <torch.utils.hooks.RemovableHandle object at 0x18de5cdf0>
2026-06-07 06:40:26.062 | DEBUG    | llmcompressor.modifiers.utils.hooks:register_hook:98 - config_groups=None targets=['Linear'] ignore=['lm_head'] scheme='W4A16' kv_cache_scheme=None index=0 group='default' start=None end=None update=None initialized_=True finalized_=False started_=True ended_=False sequential_update=True sequential_targets=None block_size=128 dampening_frac=0.01 actorder=None offload_hessians=False added <torch.utils.hooks.RemovableHandle object at 0x18de5ceb0>
2026-06-07 06:40:26.062 | DEBUG    | llmcompressor.modifiers.utils.hooks:register_hook:98 - config_groups=None targets=['Linear'] ignore=['lm_head'] scheme='W4A16' kv_cache_scheme=None index=0 group='default' start=None end=None update=None initialized_=True finalized_=False started_=True ended_=False sequential_update=True sequential_targets=None block_size=128 dampening_frac=0.01 actorder=None offload_hessians=False added <torch.utils.hooks.RemovableHandle object at 0x18de5cf70>
2026-06-07 06:40:26.062 | DEBUG    | llmcompressor.modifiers.utils.hooks:register_hook:98 - config_groups=None targets=['Linear'] ignore=['lm_head'] scheme='W4A16' kv_cache_scheme=None index=0 group='default' start=None end=None update=None initialized_=True finalized_=False started_=True ended_=False sequential_update=True sequential_targets=None block_size=128 dampening_frac=0.01 actorder=None offload_hessians=False added <torch.utils.hooks.RemovableHandle object at 0x18de5d030>
2026-06-07 06:40:26.062 | DEBUG    | llmcompressor.modifiers.utils.hooks:register_hook:98 - config_groups=None targets=['Linear'] ignore=['lm_head'] scheme='W4A16' kv_cache_scheme=None index=0 group='default' start=None end=None update=None initialized_=True finalized_=False started_=True ended_=False sequential_update=True sequential_targets=None block_size=128 dampening_frac=0.01 actorder=None offload_hessians=False added <torch.utils.hooks.RemovableHandle object at 0x18de5d0f0>
2026-06-07 06:40:26.062 | DEBUG    | llmcompressor.modifiers.utils.hooks:register_hook:98 - config_groups=None targets=['Linear'] ignore=['lm_head'] scheme='W4A16' kv_cache_scheme=None index=0 group='default' start=None end=None update=None initialized_=True finalized_=False started_=True ended_=False sequential_update=True sequential_targets=None block_size=128 dampening_frac=0.01 actorder=None offload_hessians=False added <torch.utils.hooks.RemovableHandle object at 0x18de5d1b0>
2026-06-07 06:40:26.063 | DEBUG    | llmcompressor.modifiers.utils.hooks:register_hook:98 - config_groups=None targets=['Linear'] ignore=['lm_head'] scheme='W4A16' kv_cache_scheme=None index=0 group='default' start=None end=None update=None initialized_=True finalized_=False started_=True ended_=False sequential_update=True sequential_targets=None block_size=128 dampening_frac=0.01 actorder=None offload_hessians=False added <torch.utils.hooks.RemovableHandle object at 0x18de5d270>
2026-06-07 06:40:26.063 | DEBUG    | llmcompressor.modifiers.utils.hooks:register_hook:98 - config_groups=None targets=['Linear'] ignore=['lm_head'] scheme='W4A16' kv_cache_scheme=None index=0 group='default' start=None end=None update=None initialized_=True finalized_=False started_=True ended_=False sequential_update=True sequential_targets=None block_size=128 dampening_frac=0.01 actorder=None offload_hessians=False added <torch.utils.hooks.RemovableHandle object at 0x18de5d330>
2026-06-07 06:40:26.063 | DEBUG    | llmcompressor.modifiers.utils.hooks:register_hook:98 - config_groups=None targets=['Linear'] ignore=['lm_head'] scheme='W4A16' kv_cache_scheme=None index=0 group='default' start=None end=None update=None initialized_=True finalized_=False started_=True ended_=False sequential_update=True sequential_targets=None block_size=128 dampening_frac=0.01 actorder=None offload_hessians=False added <torch.utils.hooks.RemovableHandle object at 0x18de5d3f0>
2026-06-07 06:40:26.063 | DEBUG    | llmcompressor.modifiers.utils.hooks:register_hook:98 - config_groups=None targets=['Linear'] ignore=['lm_head'] scheme='W4A16' kv_cache_scheme=None index=0 group='default' start=None end=None update=None initialized_=True finalized_=False started_=True ended_=False sequential_update=True sequential_targets=None block_size=128 dampening_frac=0.01 actorder=None offload_hessians=False added <torch.utils.hooks.RemovableHandle object at 0x18de5d4b0>
2026-06-07 06:40:26.063 | DEBUG    | llmcompressor.modifiers.utils.hooks:register_hook:98 - config_groups=None targets=['Linear'] ignore=['lm_head'] scheme='W4A16' kv_cache_scheme=None index=0 group='default' start=None end=None update=None initialized_=True finalized_=False started_=True ended_=False sequential_update=True sequential_targets=None block_size=128 dampening_frac=0.01 actorder=None offload_hessians=False added <torch.utils.hooks.RemovableHandle object at 0x18de5d570>
2026-06-07 06:40:26.063 | DEBUG    | llmcompressor.modifiers.utils.hooks:register_hook:98 - config_groups=None targets=['Linear'] ignore=['lm_head'] scheme='W4A16' kv_cache_scheme=None index=0 group='default' start=None end=None update=None initialized_=True finalized_=False started_=True ended_=False sequential_update=True sequential_targets=None block_size=128 dampening_frac=0.01 actorder=None offload_hessians=False added <torch.utils.hooks.RemovableHandle object at 0x18de5d630>
2026-06-07 06:40:26.063 | DEBUG    | llmcompressor.modifiers.utils.hooks:register_hook:98 - config_groups=None targets=['Linear'] ignore=['lm_head'] scheme='W4A16' kv_cache_scheme=None index=0 group='default' start=None end=None update=None initialized_=True finalized_=False started_=True ended_=False sequential_update=True sequential_targets=None block_size=128 dampening_frac=0.01 actorder=None offload_hessians=False added <torch.utils.hooks.RemovableHandle object at 0x18de5d6f0>
2026-06-07 06:40:26.063 | DEBUG    | llmcompressor.modifiers.utils.hooks:register_hook:98 - config_groups=None targets=['Linear'] ignore=['lm_head'] scheme='W4A16' kv_cache_scheme=None index=0 group='default' start=None end=None update=None initialized_=True finalized_=False started_=True ended_=False sequential_update=True sequential_targets=None block_size=128 dampening_frac=0.01 actorder=None offload_hessians=False added <torch.utils.hooks.RemovableHandle object at 0x18de5d7b0>
2026-06-07 06:40:26.064 | DEBUG    | llmcompressor.modifiers.utils.hooks:register_hook:98 - config_groups=None targets=['Linear'] ignore=['lm_head'] scheme='W4A16' kv_cache_scheme=None index=0 group='default' start=None end=None update=None initialized_=True finalized_=False started_=True ended_=False sequential_update=True sequential_targets=None block_size=128 dampening_frac=0.01 actorder=None offload_hessians=False added <torch.utils.hooks.RemovableHandle object at 0x18de5d870>
2026-06-07 06:40:26.064 | DEBUG    | llmcompressor.modifiers.utils.hooks:register_hook:98 - config_groups=None targets=['Linear'] ignore=['lm_head'] scheme='W4A16' kv_cache_scheme=None index=0 group='default' start=None end=None update=None initialized_=True finalized_=False started_=True ended_=False sequential_update=True sequential_targets=None block_size=128 dampening_frac=0.01 actorder=None offload_hessians=False added <torch.utils.hooks.RemovableHandle object at 0x18de5d930>
2026-06-07 06:40:26.064 | DEBUG    | llmcompressor.modifiers.utils.hooks:register_hook:98 - config_groups=None targets=['Linear'] ignore=['lm_head'] scheme='W4A16' kv_cache_scheme=None index=0 group='default' start=None end=None update=None initialized_=True finalized_=False started_=True ended_=False sequential_update=True sequential_targets=None block_size=128 dampening_frac=0.01 actorder=None offload_hessians=False added <torch.utils.hooks.RemovableHandle object at 0x18de5d9f0>
2026-06-07 06:40:26.064 | DEBUG    | llmcompressor.modifiers.utils.hooks:register_hook:98 - config_groups=None targets=['Linear'] ignore=['lm_head'] scheme='W4A16' kv_cache_scheme=None index=0 group='default' start=None end=None update=None initialized_=True finalized_=False started_=True ended_=False sequential_update=True sequential_targets=None block_size=128 dampening_frac=0.01 actorder=None offload_hessians=False added <torch.utils.hooks.RemovableHandle object at 0x18de5dab0>
2026-06-07 06:40:26.064 | DEBUG    | llmcompressor.modifiers.utils.hooks:register_hook:98 - config_groups=None targets=['Linear'] ignore=['lm_head'] scheme='W4A16' kv_cache_scheme=None index=0 group='default' start=None end=None update=None initialized_=True finalized_=False started_=True ended_=False sequential_update=True sequential_targets=None block_size=128 dampening_frac=0.01 actorder=None offload_hessians=False added <torch.utils.hooks.RemovableHandle object at 0x18de5db70>
2026-06-07 06:40:26.064 | DEBUG    | llmcompressor.modifiers.utils.hooks:register_hook:98 - config_groups=None targets=['Linear'] ignore=['lm_head'] scheme='W4A16' kv_cache_scheme=None index=0 group='default' start=None end=None update=None initialized_=True finalized_=False started_=True ended_=False sequential_update=True sequential_targets=None block_size=128 dampening_frac=0.01 actorder=None offload_hessians=False added <torch.utils.hooks.RemovableHandle object at 0x18de5dc30>
2026-06-07 06:40:26.064 | DEBUG    | llmcompressor.modifiers.utils.hooks:register_hook:98 - config_groups=None targets=['Linear'] ignore=['lm_head'] scheme='W4A16' kv_cache_scheme=None index=0 group='default' start=None end=None update=None initialized_=True finalized_=False started_=True ended_=False sequential_update=True sequential_targets=None block_size=128 dampening_frac=0.01 actorder=None offload_hessians=False added <torch.utils.hooks.RemovableHandle object at 0x18de5dcf0>
2026-06-07 06:40:26.064 | DEBUG    | llmcompressor.modifiers.utils.hooks:register_hook:98 - config_groups=None targets=['Linear'] ignore=['lm_head'] scheme='W4A16' kv_cache_scheme=None index=0 group='default' start=None end=None update=None initialized_=True finalized_=False started_=True ended_=False sequential_update=True sequential_targets=None block_size=128 dampening_frac=0.01 actorder=None offload_hessians=False added <torch.utils.hooks.RemovableHandle object at 0x18de5ddb0>
2026-06-07 06:40:26.065 | DEBUG    | llmcompressor.modifiers.utils.hooks:register_hook:98 - config_groups=None targets=['Linear'] ignore=['lm_head'] scheme='W4A16' kv_cache_scheme=None index=0 group='default' start=None end=None update=None initialized_=True finalized_=False started_=True ended_=False sequential_update=True sequential_targets=None block_size=128 dampening_frac=0.01 actorder=None offload_hessians=False added <torch.utils.hooks.RemovableHandle object at 0x18de5de70>
2026-06-07 06:40:26.065 | DEBUG    | llmcompressor.modifiers.utils.hooks:register_hook:98 - config_groups=None targets=['Linear'] ignore=['lm_head'] scheme='W4A16' kv_cache_scheme=None index=0 group='default' start=None end=None update=None initialized_=True finalized_=False started_=True ended_=False sequential_update=True sequential_targets=None block_size=128 dampening_frac=0.01 actorder=None offload_hessians=False added <torch.utils.hooks.RemovableHandle object at 0x18de5df30>
2026-06-07 06:40:26.065 | DEBUG    | llmcompressor.modifiers.utils.hooks:register_hook:98 - config_groups=None targets=['Linear'] ignore=['lm_head'] scheme='W4A16' kv_cache_scheme=None index=0 group='default' start=None end=None update=None initialized_=True finalized_=False started_=True ended_=False sequential_update=True sequential_targets=None block_size=128 dampening_frac=0.01 actorder=None offload_hessians=False added <torch.utils.hooks.RemovableHandle object at 0x18de5dff0>
2026-06-07 06:40:26.065 | DEBUG    | llmcompressor.modifiers.utils.hooks:register_hook:98 - config_groups=None targets=['Linear'] ignore=['lm_head'] scheme='W4A16' kv_cache_scheme=None index=0 group='default' start=None end=None update=None initialized_=True finalized_=False started_=True ended_=False sequential_update=True sequential_targets=None block_size=128 dampening_frac=0.01 actorder=None offload_hessians=False added <torch.utils.hooks.RemovableHandle object at 0x18de5e0b0>
2026-06-07 06:40:26.065 | DEBUG    | llmcompressor.modifiers.utils.hooks:register_hook:98 - config_groups=None targets=['Linear'] ignore=['lm_head'] scheme='W4A16' kv_cache_scheme=None index=0 group='default' start=None end=None update=None initialized_=True finalized_=False started_=True ended_=False sequential_update=True sequential_targets=None block_size=128 dampening_frac=0.01 actorder=None offload_hessians=False added <torch.utils.hooks.RemovableHandle object at 0x18de5e170>
2026-06-07 06:40:26.065 | DEBUG    | llmcompressor.modifiers.utils.hooks:register_hook:98 - config_groups=None targets=['Linear'] ignore=['lm_head'] scheme='W4A16' kv_cache_scheme=None index=0 group='default' start=None end=None update=None initialized_=True finalized_=False started_=True ended_=False sequential_update=True sequential_targets=None block_size=128 dampening_frac=0.01 actorder=None offload_hessians=False added <torch.utils.hooks.RemovableHandle object at 0x18de5e230>
2026-06-07 06:40:26.065 | DEBUG    | llmcompressor.modifiers.utils.hooks:register_hook:98 - config_groups=None targets=['Linear'] ignore=['lm_head'] scheme='W4A16' kv_cache_scheme=None index=0 group='default' start=None end=None update=None initialized_=True finalized_=False started_=True ended_=False sequential_update=True sequential_targets=None block_size=128 dampening_frac=0.01 actorder=None offload_hessians=False added <torch.utils.hooks.RemovableHandle object at 0x18de5e2f0>
2026-06-07 06:40:26.065 | DEBUG    | llmcompressor.modifiers.utils.hooks:register_hook:98 - config_groups=None targets=['Linear'] ignore=['lm_head'] scheme='W4A16' kv_cache_scheme=None index=0 group='default' start=None end=None update=None initialized_=True finalized_=False started_=True ended_=False sequential_update=True sequential_targets=None block_size=128 dampening_frac=0.01 actorder=None offload_hessians=False added <torch.utils.hooks.RemovableHandle object at 0x18de5e3b0>
2026-06-07 06:40:26.065 | DEBUG    | llmcompressor.modifiers.utils.hooks:register_hook:98 - config_groups=None targets=['Linear'] ignore=['lm_head'] scheme='W4A16' kv_cache_scheme=None index=0 group='default' start=None end=None update=None initialized_=True finalized_=False started_=True ended_=False sequential_update=True sequential_targets=None block_size=128 dampening_frac=0.01 actorder=None offload_hessians=False added <torch.utils.hooks.RemovableHandle object at 0x18de5e470>
2026-06-07 06:40:26.066 | DEBUG    | llmcompressor.modifiers.utils.hooks:register_hook:98 - config_groups=None targets=['Linear'] ignore=['lm_head'] scheme='W4A16' kv_cache_scheme=None index=0 group='default' start=None end=None update=None initialized_=True finalized_=False started_=True ended_=False sequential_update=True sequential_targets=None block_size=128 dampening_frac=0.01 actorder=None offload_hessians=False added <torch.utils.hooks.RemovableHandle object at 0x18de5e530>
2026-06-07 06:40:26.066 | DEBUG    | llmcompressor.modifiers.utils.hooks:register_hook:98 - config_groups=None targets=['Linear'] ignore=['lm_head'] scheme='W4A16' kv_cache_scheme=None index=0 group='default' start=None end=None update=None initialized_=True finalized_=False started_=True ended_=False sequential_update=True sequential_targets=None block_size=128 dampening_frac=0.01 actorder=None offload_hessians=False added <torch.utils.hooks.RemovableHandle object at 0x18de5e5f0>
2026-06-07 06:40:26.066 | DEBUG    | llmcompressor.modifiers.utils.hooks:register_hook:98 - config_groups=None targets=['Linear'] ignore=['lm_head'] scheme='W4A16' kv_cache_scheme=None index=0 group='default' start=None end=None update=None initialized_=True finalized_=False started_=True ended_=False sequential_update=True sequential_targets=None block_size=128 dampening_frac=0.01 actorder=None offload_hessians=False added <torch.utils.hooks.RemovableHandle object at 0x18de5e6b0>
2026-06-07 06:40:26.066 | DEBUG    | llmcompressor.modifiers.utils.hooks:register_hook:98 - config_groups=None targets=['Linear'] ignore=['lm_head'] scheme='W4A16' kv_cache_scheme=None index=0 group='default' start=None end=None update=None initialized_=True finalized_=False started_=True ended_=False sequential_update=True sequential_targets=None block_size=128 dampening_frac=0.01 actorder=None offload_hessians=False added <torch.utils.hooks.RemovableHandle object at 0x18de5e770>
2026-06-07 06:40:26.066 | DEBUG    | llmcompressor.modifiers.utils.hooks:register_hook:98 - config_groups=None targets=['Linear'] ignore=['lm_head'] scheme='W4A16' kv_cache_scheme=None index=0 group='default' start=None end=None update=None initialized_=True finalized_=False started_=True ended_=False sequential_update=True sequential_targets=None block_size=128 dampening_frac=0.01 actorder=None offload_hessians=False added <torch.utils.hooks.RemovableHandle object at 0x18de5e830>
2026-06-07 06:40:26.066 | DEBUG    | llmcompressor.modifiers.utils.hooks:register_hook:98 - config_groups=None targets=['Linear'] ignore=['lm_head'] scheme='W4A16' kv_cache_scheme=None index=0 group='default' start=None end=None update=None initialized_=True finalized_=False started_=True ended_=False sequential_update=True sequential_targets=None block_size=128 dampening_frac=0.01 actorder=None offload_hessians=False added <torch.utils.hooks.RemovableHandle object at 0x18de5e8f0>
2026-06-07 06:40:26.066 | DEBUG    | llmcompressor.modifiers.utils.hooks:register_hook:98 - config_groups=None targets=['Linear'] ignore=['lm_head'] scheme='W4A16' kv_cache_scheme=None index=0 group='default' start=None end=None update=None initialized_=True finalized_=False started_=True ended_=False sequential_update=True sequential_targets=None block_size=128 dampening_frac=0.01 actorder=None offload_hessians=False added <torch.utils.hooks.RemovableHandle object at 0x18de5e9b0>
2026-06-07 06:40:26.066 | DEBUG    | llmcompressor.modifiers.utils.hooks:register_hook:98 - config_groups=None targets=['Linear'] ignore=['lm_head'] scheme='W4A16' kv_cache_scheme=None index=0 group='default' start=None end=None update=None initialized_=True finalized_=False started_=True ended_=False sequential_update=True sequential_targets=None block_size=128 dampening_frac=0.01 actorder=None offload_hessians=False added <torch.utils.hooks.RemovableHandle object at 0x18de5ea70>
2026-06-07 06:40:26.067 | DEBUG    | llmcompressor.modifiers.utils.hooks:register_hook:98 - config_groups=None targets=['Linear'] ignore=['lm_head'] scheme='W4A16' kv_cache_scheme=None index=0 group='default' start=None end=None update=None initialized_=True finalized_=False started_=True ended_=False sequential_update=True sequential_targets=None block_size=128 dampening_frac=0.01 actorder=None offload_hessians=False added <torch.utils.hooks.RemovableHandle object at 0x18de5eb30>
2026-06-07 06:40:26.067 | DEBUG    | llmcompressor.modifiers.utils.hooks:register_hook:98 - config_groups=None targets=['Linear'] ignore=['lm_head'] scheme='W4A16' kv_cache_scheme=None index=0 group='default' start=None end=None update=None initialized_=True finalized_=False started_=True ended_=False sequential_update=True sequential_targets=None block_size=128 dampening_frac=0.01 actorder=None offload_hessians=False added <torch.utils.hooks.RemovableHandle object at 0x18de5ebf0>
2026-06-07 06:40:26.067 | DEBUG    | llmcompressor.modifiers.utils.hooks:register_hook:98 - config_groups=None targets=['Linear'] ignore=['lm_head'] scheme='W4A16' kv_cache_scheme=None index=0 group='default' start=None end=None update=None initialized_=True finalized_=False started_=True ended_=False sequential_update=True sequential_targets=None block_size=128 dampening_frac=0.01 actorder=None offload_hessians=False added <torch.utils.hooks.RemovableHandle object at 0x18de5ecb0>
2026-06-07 06:40:26.067 | DEBUG    | llmcompressor.modifiers.utils.hooks:register_hook:98 - config_groups=None targets=['Linear'] ignore=['lm_head'] scheme='W4A16' kv_cache_scheme=None index=0 group='default' start=None end=None update=None initialized_=True finalized_=False started_=True ended_=False sequential_update=True sequential_targets=None block_size=128 dampening_frac=0.01 actorder=None offload_hessians=False added <torch.utils.hooks.RemovableHandle object at 0x18de5ed70>
2026-06-07 06:40:26.067 | DEBUG    | llmcompressor.modifiers.utils.hooks:register_hook:98 - config_groups=None targets=['Linear'] ignore=['lm_head'] scheme='W4A16' kv_cache_scheme=None index=0 group='default' start=None end=None update=None initialized_=True finalized_=False started_=True ended_=False sequential_update=True sequential_targets=None block_size=128 dampening_frac=0.01 actorder=None offload_hessians=False added <torch.utils.hooks.RemovableHandle object at 0x18de5ee30>
2026-06-07 06:40:26.067 | DEBUG    | llmcompressor.modifiers.utils.hooks:register_hook:98 - config_groups=None targets=['Linear'] ignore=['lm_head'] scheme='W4A16' kv_cache_scheme=None index=0 group='default' start=None end=None update=None initialized_=True finalized_=False started_=True ended_=False sequential_update=True sequential_targets=None block_size=128 dampening_frac=0.01 actorder=None offload_hessians=False added <torch.utils.hooks.RemovableHandle object at 0x18de5eef0>
2026-06-07 06:40:26.067 | DEBUG    | llmcompressor.modifiers.utils.hooks:register_hook:98 - config_groups=None targets=['Linear'] ignore=['lm_head'] scheme='W4A16' kv_cache_scheme=None index=0 group='default' start=None end=None update=None initialized_=True finalized_=False started_=True ended_=False sequential_update=True sequential_targets=None block_size=128 dampening_frac=0.01 actorder=None offload_hessians=False added <torch.utils.hooks.RemovableHandle object at 0x18de5efb0>
2026-06-07 06:40:26.067 | DEBUG    | llmcompressor.modifiers.utils.hooks:register_hook:98 - config_groups=None targets=['Linear'] ignore=['lm_head'] scheme='W4A16' kv_cache_scheme=None index=0 group='default' start=None end=None update=None initialized_=True finalized_=False started_=True ended_=False sequential_update=True sequential_targets=None block_size=128 dampening_frac=0.01 actorder=None offload_hessians=False added <torch.utils.hooks.RemovableHandle object at 0x18de5f070>
2026-06-07 06:40:26.067 | DEBUG    | llmcompressor.modifiers.utils.hooks:register_hook:98 - config_groups=None targets=['Linear'] ignore=['lm_head'] scheme='W4A16' kv_cache_scheme=None index=0 group='default' start=None end=None update=None initialized_=True finalized_=False started_=True ended_=False sequential_update=True sequential_targets=None block_size=128 dampening_frac=0.01 actorder=None offload_hessians=False added <torch.utils.hooks.RemovableHandle object at 0x18de5f130>
2026-06-07 06:40:26.068 | DEBUG    | llmcompressor.modifiers.utils.hooks:register_hook:98 - config_groups=None targets=['Linear'] ignore=['lm_head'] scheme='W4A16' kv_cache_scheme=None index=0 group='default' start=None end=None update=None initialized_=True finalized_=False started_=True ended_=False sequential_update=True sequential_targets=None block_size=128 dampening_frac=0.01 actorder=None offload_hessians=False added <torch.utils.hooks.RemovableHandle object at 0x18de5f1f0>
2026-06-07 06:40:26.068 | DEBUG    | llmcompressor.modifiers.utils.hooks:register_hook:98 - config_groups=None targets=['Linear'] ignore=['lm_head'] scheme='W4A16' kv_cache_scheme=None index=0 group='default' start=None end=None update=None initialized_=True finalized_=False started_=True ended_=False sequential_update=True sequential_targets=None block_size=128 dampening_frac=0.01 actorder=None offload_hessians=False added <torch.utils.hooks.RemovableHandle object at 0x18de5f2b0>
2026-06-07 06:40:26.068 | DEBUG    | llmcompressor.modifiers.utils.hooks:register_hook:98 - config_groups=None targets=['Linear'] ignore=['lm_head'] scheme='W4A16' kv_cache_scheme=None index=0 group='default' start=None end=None update=None initialized_=True finalized_=False started_=True ended_=False sequential_update=True sequential_targets=None block_size=128 dampening_frac=0.01 actorder=None offload_hessians=False added <torch.utils.hooks.RemovableHandle object at 0x18de5f370>
2026-06-07 06:40:26.068 | DEBUG    | llmcompressor.modifiers.utils.hooks:register_hook:98 - config_groups=None targets=['Linear'] ignore=['lm_head'] scheme='W4A16' kv_cache_scheme=None index=0 group='default' start=None end=None update=None initialized_=True finalized_=False started_=True ended_=False sequential_update=True sequential_targets=None block_size=128 dampening_frac=0.01 actorder=None offload_hessians=False added <torch.utils.hooks.RemovableHandle object at 0x18de5f430>
2026-06-07 06:40:26.068 | DEBUG    | llmcompressor.modifiers.utils.hooks:register_hook:98 - config_groups=None targets=['Linear'] ignore=['lm_head'] scheme='W4A16' kv_cache_scheme=None index=0 group='default' start=None end=None update=None initialized_=True finalized_=False started_=True ended_=False sequential_update=True sequential_targets=None block_size=128 dampening_frac=0.01 actorder=None offload_hessians=False added <torch.utils.hooks.RemovableHandle object at 0x18de5f4f0>
2026-06-07 06:40:26.068 | DEBUG    | llmcompressor.modifiers.utils.hooks:register_hook:98 - config_groups=None targets=['Linear'] ignore=['lm_head'] scheme='W4A16' kv_cache_scheme=None index=0 group='default' start=None end=None update=None initialized_=True finalized_=False started_=True ended_=False sequential_update=True sequential_targets=None block_size=128 dampening_frac=0.01 actorder=None offload_hessians=False added <torch.utils.hooks.RemovableHandle object at 0x18de5f5b0>
2026-06-07 06:40:26.069 | DEBUG    | llmcompressor.modifiers.utils.hooks:register_hook:98 - config_groups=None targets=['Linear'] ignore=['lm_head'] scheme='W4A16' kv_cache_scheme=None index=0 group='default' start=None end=None update=None initialized_=True finalized_=False started_=True ended_=False sequential_update=True sequential_targets=None block_size=128 dampening_frac=0.01 actorder=None offload_hessians=False added <torch.utils.hooks.RemovableHandle object at 0x18de5f670>
2026-06-07 06:40:26.069 | DEBUG    | llmcompressor.modifiers.utils.hooks:register_hook:98 - config_groups=None targets=['Linear'] ignore=['lm_head'] scheme='W4A16' kv_cache_scheme=None index=0 group='default' start=None end=None update=None initialized_=True finalized_=False started_=True ended_=False sequential_update=True sequential_targets=None block_size=128 dampening_frac=0.01 actorder=None offload_hessians=False added <torch.utils.hooks.RemovableHandle object at 0x18de5f730>
2026-06-07 06:40:26.069 | DEBUG    | llmcompressor.modifiers.utils.hooks:register_hook:98 - config_groups=None targets=['Linear'] ignore=['lm_head'] scheme='W4A16' kv_cache_scheme=None index=0 group='default' start=None end=None update=None initialized_=True finalized_=False started_=True ended_=False sequential_update=True sequential_targets=None block_size=128 dampening_frac=0.01 actorder=None offload_hessians=False added <torch.utils.hooks.RemovableHandle object at 0x18de5f7f0>
2026-06-07 06:40:26.069 | DEBUG    | llmcompressor.modifiers.utils.hooks:register_hook:98 - config_groups=None targets=['Linear'] ignore=['lm_head'] scheme='W4A16' kv_cache_scheme=None index=0 group='default' start=None end=None update=None initialized_=True finalized_=False started_=True ended_=False sequential_update=True sequential_targets=None block_size=128 dampening_frac=0.01 actorder=None offload_hessians=False added <torch.utils.hooks.RemovableHandle object at 0x18de5f8b0>
2026-06-07 06:40:26.069 | DEBUG    | llmcompressor.modifiers.utils.hooks:register_hook:98 - config_groups=None targets=['Linear'] ignore=['lm_head'] scheme='W4A16' kv_cache_scheme=None index=0 group='default' start=None end=None update=None initialized_=True finalized_=False started_=True ended_=False sequential_update=True sequential_targets=None block_size=128 dampening_frac=0.01 actorder=None offload_hessians=False added <torch.utils.hooks.RemovableHandle object at 0x18de5f970>
2026-06-07 06:40:26.069 | DEBUG    | llmcompressor.modifiers.utils.hooks:register_hook:98 - config_groups=None targets=['Linear'] ignore=['lm_head'] scheme='W4A16' kv_cache_scheme=None index=0 group='default' start=None end=None update=None initialized_=True finalized_=False started_=True ended_=False sequential_update=True sequential_targets=None block_size=128 dampening_frac=0.01 actorder=None offload_hessians=False added <torch.utils.hooks.RemovableHandle object at 0x18de5fa30>
2026-06-07 06:40:26.069 | DEBUG    | llmcompressor.modifiers.utils.hooks:register_hook:98 - config_groups=None targets=['Linear'] ignore=['lm_head'] scheme='W4A16' kv_cache_scheme=None index=0 group='default' start=None end=None update=None initialized_=True finalized_=False started_=True ended_=False sequential_update=True sequential_targets=None block_size=128 dampening_frac=0.01 actorder=None offload_hessians=False added <torch.utils.hooks.RemovableHandle object at 0x18de5faf0>
2026-06-07 06:40:26.069 | DEBUG    | llmcompressor.modifiers.utils.hooks:register_hook:98 - config_groups=None targets=['Linear'] ignore=['lm_head'] scheme='W4A16' kv_cache_scheme=None index=0 group='default' start=None end=None update=None initialized_=True finalized_=False started_=True ended_=False sequential_update=True sequential_targets=None block_size=128 dampening_frac=0.01 actorder=None offload_hessians=False added <torch.utils.hooks.RemovableHandle object at 0x18de5fbb0>
2026-06-07 06:40:26.069 | DEBUG    | llmcompressor.modifiers.utils.hooks:register_hook:98 - config_groups=None targets=['Linear'] ignore=['lm_head'] scheme='W4A16' kv_cache_scheme=None index=0 group='default' start=None end=None update=None initialized_=True finalized_=False started_=True ended_=False sequential_update=True sequential_targets=None block_size=128 dampening_frac=0.01 actorder=None offload_hessians=False added <torch.utils.hooks.RemovableHandle object at 0x18de5fc70>
2026-06-07 06:40:26.070 | DEBUG    | llmcompressor.modifiers.utils.hooks:register_hook:98 - config_groups=None targets=['Linear'] ignore=['lm_head'] scheme='W4A16' kv_cache_scheme=None index=0 group='default' start=None end=None update=None initialized_=True finalized_=False started_=True ended_=False sequential_update=True sequential_targets=None block_size=128 dampening_frac=0.01 actorder=None offload_hessians=False added <torch.utils.hooks.RemovableHandle object at 0x18de5fd30>
2026-06-07 06:40:26.070 | DEBUG    | llmcompressor.modifiers.utils.hooks:register_hook:98 - config_groups=None targets=['Linear'] ignore=['lm_head'] scheme='W4A16' kv_cache_scheme=None index=0 group='default' start=None end=None update=None initialized_=True finalized_=False started_=True ended_=False sequential_update=True sequential_targets=None block_size=128 dampening_frac=0.01 actorder=None offload_hessians=False added <torch.utils.hooks.RemovableHandle object at 0x18de5fdf0>
2026-06-07 06:40:26.070 | DEBUG    | llmcompressor.modifiers.utils.hooks:register_hook:98 - config_groups=None targets=['Linear'] ignore=['lm_head'] scheme='W4A16' kv_cache_scheme=None index=0 group='default' start=None end=None update=None initialized_=True finalized_=False started_=True ended_=False sequential_update=True sequential_targets=None block_size=128 dampening_frac=0.01 actorder=None offload_hessians=False added <torch.utils.hooks.RemovableHandle object at 0x18de5feb0>
2026-06-07 06:40:26.071 | DEBUG    | llmcompressor.modifiers.utils.hooks:register_hook:98 - config_groups=None targets=['Linear'] ignore=['lm_head'] scheme='W4A16' kv_cache_scheme=None index=0 group='default' start=None end=None update=None initialized_=True finalized_=False started_=True ended_=False sequential_update=True sequential_targets=None block_size=128 dampening_frac=0.01 actorder=None offload_hessians=False added <torch.utils.hooks.RemovableHandle object at 0x18de5ff70>
2026-06-07 06:40:26.071 | DEBUG    | llmcompressor.modifiers.utils.hooks:register_hook:98 - config_groups=None targets=['Linear'] ignore=['lm_head'] scheme='W4A16' kv_cache_scheme=None index=0 group='default' start=None end=None update=None initialized_=True finalized_=False started_=True ended_=False sequential_update=True sequential_targets=None block_size=128 dampening_frac=0.01 actorder=None offload_hessians=False added <torch.utils.hooks.RemovableHandle object at 0x18de780a0>
2026-06-07 06:40:26.071 | DEBUG    | llmcompressor.modifiers.utils.hooks:register_hook:98 - config_groups=None targets=['Linear'] ignore=['lm_head'] scheme='W4A16' kv_cache_scheme=None index=0 group='default' start=None end=None update=None initialized_=True finalized_=False started_=True ended_=False sequential_update=True sequential_targets=None block_size=128 dampening_frac=0.01 actorder=None offload_hessians=False added <torch.utils.hooks.RemovableHandle object at 0x18de78130>
2026-06-07 06:40:26.071 | DEBUG    | llmcompressor.modifiers.utils.hooks:register_hook:98 - config_groups=None targets=['Linear'] ignore=['lm_head'] scheme='W4A16' kv_cache_scheme=None index=0 group='default' start=None end=None update=None initialized_=True finalized_=False started_=True ended_=False sequential_update=True sequential_targets=None block_size=128 dampening_frac=0.01 actorder=None offload_hessians=False added <torch.utils.hooks.RemovableHandle object at 0x18de781f0>
2026-06-07 06:40:26.071 | DEBUG    | llmcompressor.modifiers.utils.hooks:register_hook:98 - config_groups=None targets=['Linear'] ignore=['lm_head'] scheme='W4A16' kv_cache_scheme=None index=0 group='default' start=None end=None update=None initialized_=True finalized_=False started_=True ended_=False sequential_update=True sequential_targets=None block_size=128 dampening_frac=0.01 actorder=None offload_hessians=False added <torch.utils.hooks.RemovableHandle object at 0x18de782b0>
2026-06-07 06:40:26.071 | DEBUG    | llmcompressor.modifiers.utils.hooks:register_hook:98 - config_groups=None targets=['Linear'] ignore=['lm_head'] scheme='W4A16' kv_cache_scheme=None index=0 group='default' start=None end=None update=None initialized_=True finalized_=False started_=True ended_=False sequential_update=True sequential_targets=None block_size=128 dampening_frac=0.01 actorder=None offload_hessians=False added <torch.utils.hooks.RemovableHandle object at 0x18de78370>
2026-06-07 06:40:26.071 | DEBUG    | llmcompressor.modifiers.utils.hooks:register_hook:98 - config_groups=None targets=['Linear'] ignore=['lm_head'] scheme='W4A16' kv_cache_scheme=None index=0 group='default' start=None end=None update=None initialized_=True finalized_=False started_=True ended_=False sequential_update=True sequential_targets=None block_size=128 dampening_frac=0.01 actorder=None offload_hessians=False added <torch.utils.hooks.RemovableHandle object at 0x18de78430>
2026-06-07 06:40:26.072 | DEBUG    | llmcompressor.modifiers.utils.hooks:register_hook:98 - config_groups=None targets=['Linear'] ignore=['lm_head'] scheme='W4A16' kv_cache_scheme=None index=0 group='default' start=None end=None update=None initialized_=True finalized_=False started_=True ended_=False sequential_update=True sequential_targets=None block_size=128 dampening_frac=0.01 actorder=None offload_hessians=False added <torch.utils.hooks.RemovableHandle object at 0x18de784f0>
2026-06-07 06:40:26.072 | DEBUG    | llmcompressor.modifiers.utils.hooks:register_hook:98 - config_groups=None targets=['Linear'] ignore=['lm_head'] scheme='W4A16' kv_cache_scheme=None index=0 group='default' start=None end=None update=None initialized_=True finalized_=False started_=True ended_=False sequential_update=True sequential_targets=None block_size=128 dampening_frac=0.01 actorder=None offload_hessians=False added <torch.utils.hooks.RemovableHandle object at 0x18de785b0>
2026-06-07 06:40:26.072 | DEBUG    | llmcompressor.core.lifecycle:event:201 - Updated event with modifier: modifiers=[GPTQModifier(config_groups=None, targets=['Linear'], ignore=['lm_head'], scheme='W4A16', kv_cache_scheme=None, index=0, group='default', start=None, end=None, update=None, initialized_=True, finalized_=False, started_=True, ended_=False, sequential_update=True, sequential_targets=None, block_size=128, dampening_frac=0.01, actorder=None, offload_hessians=False)] index=0 group='GPTQModifier' applied=False
